1.76405235,0.40015721,0.97873798,2.24089320,1.86755799,-0.97727788,0.95008842,-0.15135721,-0.10321885,0.41059850,0.14404357,1.45427351,0.76103773,0.12167502,0.44386323,0.33367433,1.49407907,-0.20515826,0.31306770,-0.85409574,-2.55298982,0.65361860,0.86443620,-0.74216502,2.26975462,-1.45436567,0.04575852,-0.18718385,1.53277921,1.46935877,0.15494743,0.37816252,-0.88778575,-1.98079647,-0.34791215,0.15634897,1.23029068,1.20237985,-0.38732682,-0.30230275,-1.04855297,-1.42001794,-1.70627019,1.95077540,-0.50965218,-0.43807430,-1.25279536,0.77749036,-1.61389785,-0.21274028,-0.89546656,0.38690250,-0.51080514,-1.18063218,-0.02818223,0.42833187,0.06651722,0.30247190,-0.63432209,-0.36274117,-0.67246045,-0.35955316,-0.81314628,-1.72628260,0.17742614,-0.40178094,-1.63019835,0.46278226,-0.90729836,0.05194540,0.72909056,0.12898291,1.13940068,-1.23482582,0.40234164,-0.68481009,-0.87079715,-0.57884966,-0.31155253,0.05616534,-1.16514984,0.90082649,0.46566244,-1.53624369,1.48825219,1.89588918,1.17877957,-0.17992484,-1.07075262,1.05445173,-0.40317695,1.22244507,0.20827498,0.97663904,0.35636640,0.70657317,0.01050002,1.78587049,0.12691209,0.40198936,1.88315070,-1.34775906,-1.27048500,0.96939671,-1.17312341,1.94362119,-0.41361898,-0.74745481,1.92294203,1.48051479,1.86755896,0.90604466,-0.86122569,1.91006495,-0.26800337,0.80245640,0.94725197,-0.15501009,0.61407937,0.92220667,0.37642553,-1.09940079,0.29823817,1.32638590,-0.69456786,-0.14963454,-0.43515355,1.84926373,0.67229476,0.40746184,-0.76991607,0.53924919,-0.67433266,0.03183056,-0.63584608,0.67643329,0.57659082,-0.20829876,0.39600671,-1.09306151,-1.49125759,0.43939170,0.16667350,0.63503144,2.38314477,0.94447949,-0.91282223,1.11701629,-1.31590741,-0.46158460,-0.06824161,1.71334272,-0.74475482,-0.82643854,-0.09845252,-0.66347829,1.12663592,-1.07993151,-1.14746865,-0.43782004,-0.49803245,1.92953205,0.94942081,0.08755124,-1.22543552,0.84436298,-1.00021535,-1.54477110,1.18802979,0.31694261,0.92085882,0.31872765,0.85683061,-0.65102559,-1.03424284,0.68159452,-0.80340966,-0.68954978,-0.45553250,0.01747916,-0.35399391,-1.37495129,-0.64361840,-2.22340315,0.62523145,-1.60205766,-1.10438334,0.05216508,-0.73956300,1.54301460,-1.29285691,0.26705087,-0.03928282,-1.16809350,0.52327666,-0.17154633,0.77179055,0.82350415,2.16323595,1.33652795
-0.36918184,-0.23937918,1.09965960,0.65526373,0.64013153,-1.61695604,-0.02432612,-0.73803091,0.27992460,-0.09815039,0.91017891,0.31721822,0.78632796,-0.46641910,-0.94444626,-0.41004969,-0.01702041,0.37915174,2.25930895,-0.04225715,-0.95594500,-0.34598178,-0.46359597,0.48148147,-1.54079701,0.06326199,0.15650654,0.23218104,-0.59731607,-0.23792173,-1.42406091,-0.49331988,-0.54286148,0.41605005,-1.15618243,0.78119810,1.49448454,-2.06998503,0.42625873,0.67690804,-0.63743703,-0.39727181,-0.13288058,-0.29779088,-0.30901297,-1.67600381,1.15233156,1.07961859,-0.81336426,-1.46642433,0.52106488,-0.57578797,0.14195316,-0.31932842,0.69153875,0.69474914,-0.72559738,-1.38336396,-1.58293840,0.61037938,-1.18885926,-0.50681635,-0.59631404,-0.05256730,-1.93627981,0.18877860,0.52389102,0.08842209,-0.31088617,0.09740017,0.39904635,-2.77259276,1.95591231,0.39009332,-0.65240858,-0.39095338,0.49374178,-0.11610394,-2.03068447,2.06449286,-0.11054066,1.02017271,-0.69204985,1.53637705,0.28634369,0.60884383,-1.04525337,1.21114529,0.68981816,1.30184623,-0.62808756,-0.48102712,2.30391670,-1.06001582,-0.13594970,1.13689136,0.09772497,0.58295368,-0.39944903,0.37005589,-1.30652685,1.65813068,-0.11816405,-0.68017820,0.66638308,-0.46071979,-1.33425847,-1.34671751,0.69377315,-0.15957344,-0.13370156,1.07774381,-1.12682581,-0.73067775,-0.38487981,0.09435159,-0.04217145,-0.28688719,-0.06162640,-0.10730528,-0.71960439,-0.81299299,0.27451636,-0.89091508,-1.15735526,-0.31229225,-0.15766702,2.25672350,-0.70470028,0.94326072,0.74718833,-1.18894496,0.77325298,-1.18388064,-2.65917224,0.60631952,-1.75589058,0.45093446,-0.68401090,1.65955080,1.06850940,-0.45338580,-0.68783761,-1.21407740,-0.44092263,-0.28035550,-0.36469354,0.15670386,0.57852150,0.34965446,-0.76414392,-1.43779147,1.36453185,-0.68944918,-0.65229360,-0.52118931,-1.84306955,-0.47797400,-0.47965581,0.62035830,0.69845715,0.00377089,0.93184837,0.33996498,-0.01568211,0.16092817,-0.19065349,-0.39484951,-0.26773354,-1.12801133,0.28044171,-0.99312361,0.84163126,-0.24945858,0.04949498,0.49383678,0.64331447,-1.57062341,-0.20690368,0.88017891,-1.69810582,0.38728048,-2.25556423,-1.02250684,0.03863055,-1.65671510,-0.98551074,-1.47183501,1.64813493,0.16422776,0.56729028,-0.22267510,-0.35343175,-1.61647419,-0.29183736,-0.76149221,0.85792392,1.14110187,1.46657872,0.85255194
-0.59865394,-1.11589699,0.76666318,0.35629282,-1.76853845,0.35548179,0.81451982,0.05892559,-0.18505367,-0.80764849,-1.44653470,0.80029795,-0.30911444,-0.23346666,1.73272119,0.68450111,0.37082500,0.14206181,1.51999486,1.71958931,0.92950511,0.58222459,-2.09460307,0.12372191,-0.13010695,0.09395323,0.94304609,-2.73967717,-0.56931205,0.26990435,-0.46684555,-1.41690611,0.86896349,0.27687191,-0.97110457,0.31481720,0.82158571,0.00529265,0.80056480,0.07826018,-0.39522898,-1.15942052,-0.08593077,0.19429294,0.87583276,-0.11510747,0.45741561,-0.96461201,-0.78262916,-0.11038930,-1.05462846,0.82024784,0.46313033,0.27909576,0.33890413,2.02104356,-0.46886419,-2.20144129,0.19930020,-0.05060354,-0.51751904,-0.97882986,-0.43918952,0.18133843,-0.50281670,2.41245368,-0.96050438,-0.79311736,-2.28862004,0.25148442,-2.01640663,-0.53945463,-0.27567053,-0.70972797,1.73887268,0.99439439,1.31913688,-0.88241882,1.12859406,0.49600095,0.77140595,1.02943883,-0.90876325,-0.42431762,0.86259601,-2.65561909,1.51332808,0.55313206,-0.04570396,0.22050766,-1.02993528,-0.34994336,1.10028434,1.29802197,2.69622405,-0.07392467,-0.65855297,-0.51423397,-1.01804188,-0.07785476,0.38273243,-0.03424228,1.09634685,-0.23421580,-0.34745065,-0.58126848,-1.63263453,-1.56776772,-1.17915793,1.30142807,0.89526027,1.37496407,-1.33221165,-1.96862469,-0.66005632,0.17581895,0.49869027,1.04797216,0.28427967,1.74266878,-0.22260568,-0.91307922,-1.68121822,-0.88897136,0.24211796,-0.88872026,0.93674246,1.41232771,-2.36958691,0.86405230,-2.23960406,0.40149906,1.22487056,0.06485611,-1.27968917,-0.58543120,-0.26164545,-0.18224478,-0.20289684,-0.10988278,0.21348005,-1.20857365,-0.24201983,1.51826117,-0.38464542,-0.44383609,1.07819730,-2.55918467,1.18137860,-0.63190376,0.16392857,0.09632136,0.94246812,-0.26759475,-0.67802578,1.29784579,-2.36417382,0.02033418,-1.34792542,-0.76157339,2.01125668,-0.04459543,0.19506970,-1.78156286,-0.72904466,0.19655740,0.35475769,0.61688655,0.00862790,0.52700421,0.45378191,-1.82974041,0.03700572,0.76790241,0.58987982,-0.36385881,-0.80562651,-1.11831192,-0.13105401,1.13307988,-1.95180410,-0.65989173,-1.13980246,0.78495752,-0.55430963,-0.47063766,-0.21694957,0.44539325,-0.39238900,-3.04614305,0.54331189,0.43904296,-0.21954103,-1.08403662,0.35178011,0.37923553,-0.47003288,-0.21673147,-0.93015650,-0.17858909
-1.55042935,0.41731882,-0.94436849,0.23810315,-1.40596292,-0.59005765,-0.11048941,-1.66069981,0.11514787,-0.37914756,-1.74235620,-1.30324275,0.60512008,0.89555599,-0.13190864,0.40476181,0.22384356,0.32962298,1.28598401,-1.50699840,0.67646073,-0.38200896,-0.22425893,-0.30224973,-0.37514712,-1.22619619,0.18333920,1.67094303,-0.05613302,-0.00138504,-0.68729904,-0.11747455,0.46616643,-0.37024244,-0.45380404,0.40326454,-0.91800477,0.25249663,0.82032180,1.35994854,-0.09038201,1.36759724,1.03440989,-0.99621264,-1.21793851,-0.30496364,1.02893549,-0.07228701,-0.60065756,1.55224318,0.28690449,-2.32059428,0.31716063,0.52004061,0.22560865,0.44971210,-0.06727561,-1.31839587,-0.37070400,-0.94561580,-0.93274091,-1.26306835,0.45248909,0.09789615,-0.44816536,-0.64933793,-0.02342311,1.07919473,-2.00421572,0.37687652,-0.54571197,-1.88458584,-1.94570308,-0.91278349,0.21950956,0.39306293,-0.93898157,1.01702099,1.42298350,0.39608658,-0.59140267,1.12441918,0.75539570,0.86740741,-0.65646367,-2.83455451,2.11679102,-1.61087840,-0.03576807,2.38074535,0.33057676,0.94924647,-1.50239657,-1.77766695,-0.53270279,1.09074973,-0.34624945,-0.79463632,0.19796729,1.08193522,-1.44494020,-1.21054299,-0.78866925,1.09463837,0.23482153,2.13215341,0.93644573,-0.03509518,1.26507784,0.21149701,-0.70492135,0.67997484,-0.69632665,-0.29039710,1.32778270,-0.10128149,-0.80314139,-0.46433769,1.02179059,-0.55254067,-0.38687085,-0.51029274,0.18392549,-0.38548976,-1.60183605,-0.88718094,-0.93278904,1.24331938,0.81267404,0.58725938,-0.50535832,-0.81579154,-0.50751760,-1.05188010,2.49720039,-2.24532165,0.56400854,-1.28455230,-0.10434349,-0.98800194,-1.17762896,-1.14019630,1.75498615,-0.13298842,-0.76570219,0.55578696,0.01034931,0.72003376,-1.82425666,0.30360390,0.77269484,-1.66159829,0.44819528,1.69618157,-0.01485770,0.82140594,0.67057045,-0.70750570,0.03976673,-1.56699471,-0.45130304,0.26568797,0.72310049,0.02461213,0.71998373,-1.10290621,-0.10169727,0.01927938,1.84959125,-0.21416666,-0.49901664,0.02135122,-0.91911344,0.19275385,-0.36505522,-1.79132755,-0.05858655,-0.31754309,-1.63242330,-0.06713415,1.48935596,0.52130375,0.61192719,-1.34149673,0.47689837,0.14844958,0.52904524,0.42262862,-1.35978073,-0.04140081,-0.75787086,-0.05008409,-0.89740093,1.31247037,-0.85897239,-0.89894216,0.07458641,-1.07709907,-0.42466330,-0.82996460
1.41117206,0.78580383,-0.05746952,-0.39121705,0.94091761,0.40520408,0.49805240,-0.02619224,-1.68823003,-0.11246598,-0.53248992,0.64505527,1.01184243,-0.65795104,0.46838523,1.73587900,-0.66771272,1.68192174,-0.85258585,0.02295976,-0.01114561,0.01149890,-0.83767804,-0.59118310,-0.66772029,0.32696260,0.33003511,2.22594433,1.37098901,-0.50984324,0.32486962,0.99711798,0.03060182,-0.06964158,0.05157494,0.86727663,-0.84832052,-0.32566947,0.47043314,0.31144707,0.23958276,-0.36980117,0.97253579,2.13386825,0.40641549,-0.19317670,0.75574029,-0.53913264,-0.74969034,0.03280875,-2.58279663,-1.15395036,-0.34796186,-1.35338886,-1.03264310,-0.43674834,-1.64296529,-0.40607180,-0.53527016,0.02540521,1.15418403,0.17250442,0.02106202,0.09945446,0.22739278,-1.01673865,-0.11477532,0.30875124,-1.37075998,0.86565292,1.08137603,-0.63137599,-0.24133779,-0.87819034,0.69938048,-1.06122229,-0.22247701,-0.85891991,0.05095428,-1.79422927,1.32646164,-0.96460642,0.05989468,-0.21252304,-0.76211451,-0.88778014,0.93639854,-0.52564059,0.27117018,-0.80149689,-0.64718143,0.47224715,0.93040850,-0.17531640,-1.42191987,1.99795608,-0.85654931,-1.54158740,2.59442459,-0.40403229,-1.46173269,-0.68343977,0.36754490,0.19031156,-0.85172920,1.82272360,-0.52157968,-1.18468659,0.96069340,1.32906285,-0.81749310,-1.40134729,1.03043827,-2.04732361,-1.22662166,0.96744615,-0.05535255,-0.26393735,0.35281661,-0.15277442,-1.29868672,1.27607535,1.32501405,0.20533256,0.04513402,2.33962481,-0.27643285,-0.25957698,0.36448125,1.47132196,1.59277075,-0.25857263,0.30833125,-1.37808347,-0.31197611,-0.84029040,-1.00683175,1.68157672,-0.79228666,-0.53160591,0.36584879,1.29782527,0.48111513,2.75935511,-0.07466798,0.25871644,0.27560067,1.43504939,0.50723895,-0.11622970,-0.94748859,0.24444346,1.40134483,-0.41038179,0.52894362,0.24614779,0.86351966,-0.80475374,2.34664703,-1.27916111,-0.36555109,0.93809254,0.29673317,0.82998616,-0.49610233,-0.07480498,0.01223198,1.56925961,0.69042902,0.79667211,-0.65792609,0.96888264,0.22558166,1.38914532,2.01406015,-0.30676578,-0.40630313,-0.86404499,-0.14357951,-0.38202545,0.35950440,-0.14456682,-0.36159928,1.06458514,-0.93788023,0.43310795,-0.40594173,0.72436850,1.38526155,-0.30309825,0.44103291,0.17879287,-0.79942240,0.24078751,0.28912051,0.41287082,-0.19839890,0.09419230,-1.14761094,-0.35811408
0.55596268,0.89247389,-0.42231482,0.10471403,0.22805333,0.20147995,0.54077359,-1.81807763,-0.04932407,0.23903360,-1.00033035,1.67398571,0.16155927,1.56340475,-0.79052302,-0.90730012,0.22425222,-1.67868836,0.21496559,0.09721923,1.01566528,0.70104134,-0.41747735,-1.09749665,1.71230522,-0.79211502,-1.04552456,-1.08485606,1.11730532,-0.51890020,-0.75370447,0.13768983,-0.20694471,-0.67809546,0.75399147,1.06531549,0.98531751,0.76691967,0.40262553,-1.77588800,1.66925081,0.30198921,0.60815643,1.11496232,1.43335250,0.41839801,0.43554616,-0.59922428,0.03308975,-0.85416126,-0.71994053,-0.89357440,-0.15602389,1.04909319,3.17097477,0.18949964,-1.34841309,1.26498333,-0.30078388,-0.66060859,0.20984948,-1.24062460,0.22246316,-0.08837552,0.09837791,0.38141625,0.06749226,0.01633808,0.28431452,0.41540063,-1.03148246,-1.42999126,-0.06163805,-1.43273549,0.08753147,0.93874688,0.60711167,-1.04817041,-0.86026245,0.32830130,-0.40129781,-0.31665530,0.59690648,-0.98728669,-0.40123471,-0.80008248,-1.04312950,-0.85707819,0.67746217,0.05182039,-0.87916063,-0.23110161,-1.63880731,-0.73331281,2.14957453,-0.09024385,0.73165893,-0.06548838,0.34816924,0.66325809,-1.10461660,-0.03093626,1.57886519,-0.79550055,-0.56643985,-0.30769128,0.26902407,0.52491786,1.26741165,0.49949823,-0.06205313,1.25916713,0.70411102,-1.49567952,2.52636824,1.76992139,-0.16821422,0.37791010,1.32435875,-0.17220079,0.73035179,1.10457847,-1.01482591,-0.60233185,0.92140840,0.46081448,0.92379656,-0.13256801,-0.28900521,-1.99863948,-1.14600043,0.04706609,0.82455722,0.53117837,-0.12824197,-0.27177157,0.21717963,0.07821118,1.40454551,0.14644077,-1.48124596,-1.27255814,1.51875934,-1.17116046,0.76449745,-0.26837274,-0.16975829,-0.13413278,1.22138496,-0.19284183,-0.03331928,-1.53080350,0.20669051,0.53104251,0.23914558,1.39789626,0.05517135,0.29897746,1.64850401,-1.55001419,-0.45582535,1.42615875,0.93612915,0.67838010,0.83265074,0.32706621,1.63159743,0.37775917,0.23986711,0.15895867,0.19286396,-1.15701728,0.77067305,-0.13043973,1.82191510,-0.07565047,0.42091828,0.24660219,-0.62555704,0.99213683,1.90506364,-0.01477722,-0.30047879,-0.35502873,-1.89236189,-0.17781314,0.25099812,1.05475793,0.96004774,-0.41649908,-0.27682299,1.12390531,-0.17346390,-0.51002954,1.39251845,1.03758567,0.01879179,-0.59377745,-2.01188032,0.58970361
-0.89636972,-1.96273201,1.58482053,0.64796779,-1.13900819,-1.21440138,0.87096178,-0.87797062,1.29614987,0.61645931,0.53659652,0.40469546,0.19145087,0.88051120,-0.45408036,0.08595197,0.75194659,0.56298972,-1.19498681,-0.50040967,0.25280351,-0.40801471,1.77465856,-0.39315319,-0.16221845,0.76943018,0.33053274,-0.14527446,-0.75649353,0.30151406,1.03909644,0.47909522,-0.77818352,1.73677496,-1.44657789,-1.58268564,0.96055722,0.22584048,-0.54949855,-1.09857073,2.32079984,0.11709087,0.53420117,0.31788510,0.43480796,0.54009446,0.73242401,-0.37522240,-0.29164199,-1.74102281,-0.78030441,0.27111280,1.04502338,0.59903953,-0.34069234,-1.26317291,-2.77735915,1.15173397,-0.58922899,-0.44846501,0.13157397,-1.40556005,-0.34978218,2.02347195,0.50538694,0.35924916,-1.58249448,2.24360189,-1.42279491,1.92232476,-2.11505602,1.40536544,1.61805427,-0.82440912,0.42258037,0.54748057,-0.81379448,-1.44911761,-1.31771734,0.54100822,-0.08511560,-0.56430103,0.96676801,0.50806791,-0.75546273,-1.20120152,0.52326174,-0.53758337,0.09920486,1.57629897,0.50232824,-0.86226700,0.16066119,-0.95264495,1.60852216,-0.56157875,0.20727075,0.30773257,0.15925047,-1.95854896,-1.44642106,-0.45235028,0.31943183,-0.13777921,-0.95714747,-1.34842432,-0.40155754,-0.46847604,0.51283646,-0.32631846,0.60270766,-0.59464977,-0.25595767,-0.34804638,-0.78236697,0.62511866,-0.81359600,-0.52164151,-0.07311965,-1.29737966,-0.32493496,-0.71130636,-0.38815419,-0.05992800,-0.79991362,-0.22007578,1.30866875,-0.02579856,1.14526217,0.34649444,0.77416061,-0.77445897,0.10490717,0.13391292,-0.61262574,-0.82282832,-1.49026539,1.49613964,-0.97240289,1.34622107,-0.46749317,-0.86249330,0.62251914,-0.63119194,0.56845892,-0.33281176,0.48042450,-0.96818606,0.83135106,0.48797268,-0.91965069,2.64293572,0.54012303,2.29046707,1.60026782,-0.18883478,-0.41227175,-0.40345918,-1.83002855,-0.69583512,0.24676602,1.52595756,-0.77277188,0.88205660,-1.25259334,-0.58632003,-0.45764059,0.37181108,0.45730965,0.96234174,0.77083696,0.24316822,0.39036494,1.58853069,-0.51092618,0.77472832,-1.80814393,0.41133424,-0.48324954,0.00257118,1.04008625,0.16464381,0.88518754,1.47376482,0.38909397,1.17104106,-0.32656098,-0.00820988,-0.52261942,1.04297759,0.41409135,-0.50723446,0.15466883,1.04156839,-0.03926799,-0.94893281,0.13191176,-1.98056559,0.76877064,-0.42132759
-0.46931074,0.87569568,-1.36516288,1.94709864,-0.48024204,-0.52325094,1.02122474,0.70869527,2.45122972,-0.21120598,-0.12040664,-1.47931598,-0.33210228,-0.72143130,-0.44876701,-1.74418776,1.66060756,-1.41660348,-2.80220280,-1.18842442,-0.60383955,-1.14955406,1.09830354,-0.13783918,0.02538560,0.61039176,0.28601253,0.97856730,-1.10947755,-0.54751810,0.66596715,-2.53455446,-1.37518448,0.50099223,-0.48024903,0.93610755,0.80918030,-1.19809288,0.40665709,1.20169786,0.14743440,-0.97746488,0.87938994,0.63542453,0.54261078,0.71593889,-2.99461286,0.88093756,1.80813181,0.43663847,0.19272900,0.69643867,0.33822547,0.65178126,0.00147100,-0.76670485,-1.00432271,-0.99819173,-1.37304255,-1.06774201,1.76126613,0.75409566,-0.62502739,-0.39039269,0.11255753,-0.65554503,0.06751686,0.77760414,-0.03574273,0.33601574,0.88649154,-0.27213176,0.28479060,-0.30937759,-0.02852887,-0.32473027,-0.52886985,0.17371185,0.56654532,0.14630445,0.49872696,-0.73793178,-1.20373519,0.41704350,0.68788139,0.04985727,1.34803578,0.90769880,2.68057084,-0.20080851,-0.99884880,-0.74013679,-0.56549781,0.47603138,-2.15806856,1.31855102,-0.23929659,-0.24679356,-1.07934317,-0.11422555,0.01323977,-0.12194493,0.33905926,-0.58963204,-0.89581576,0.54832813,0.09866745,0.19718106,1.05902725,-1.02256439,-0.85524046,1.25721965,-1.48288336,-1.30941215,0.81786183,0.23820019,0.10523214,-0.09165941,0.03126755,-0.09211211,1.35544270,-0.39814813,-0.16137354,1.79444881,0.02750970,2.23201639,-0.10497970,1.36741498,-1.65534404,0.15364446,-1.58447356,0.84445431,-1.21286782,0.28376955,-0.28219588,-1.15820319,-1.61935998,-0.51104046,1.74062945,-0.29348505,0.91722154,-0.05704287,0.87672677,-1.82691138,-0.40318831,0.94940552,-0.16325495,-0.08645528,-0.43046191,1.14937938,0.29751435,0.04402228,0.64305455,0.58822493,0.21258705,1.54703150,-0.06028753,0.27808105,-0.64295255,0.15011523,1.58776152,-0.64325760,-1.13359283,0.99675964,-0.14876615,0.09600420,-0.04511330,0.07912172,0.85053068,-0.83912419,-1.01177408,0.08496814,-1.60643969,-1.37305354,1.86668315,0.75746833,-0.01005647,1.23800694,-1.04059923,-0.31560312,0.62345361,0.89067168,0.51291685,-2.54123881,-0.96808212,0.47706809,-0.35595149,2.54023162,0.92655830,0.55808188,-1.11694955,-0.03529674,0.24120396,1.12778363,0.88113110,1.03298919,-0.92391202,1.41215170,-1.38043075,-0.53591456
0.43077113,-0.14989159,-1.00603686,-0.82154983,-1.54825432,0.53197464,1.26056885,-0.10039350,-0.40034882,-1.47232293,0.91320192,2.21130433,-1.79745580,-1.06343294,-0.67959304,-0.56431791,0.22734595,1.61424955,1.00859729,0.52759738,-0.72392870,-1.11962823,-0.79677531,1.54806680,-0.06174330,-0.44683625,-0.18375573,0.82461822,-1.31284967,1.41487414,0.15647626,-0.21634398,0.44284611,0.21839707,-0.34419646,-0.25271067,-0.86886255,0.65639075,-0.53199381,-0.95625842,0.16586352,1.32914128,-0.04834462,-0.60810126,0.40389602,1.93671246,-1.45190553,0.38220279,0.20508663,1.16153380,0.99090917,-0.18670911,-1.68451726,0.80656377,-0.83519269,-0.94674041,1.14835058,-0.91085038,1.40284474,0.33584472,0.31911840,0.30726478,-1.63842363,-1.77638862,0.21555305,0.56800736,0.08261103,-0.82153452,0.01892210,-0.08203415,-0.95715810,1.01397215,-1.73027606,0.58874241,0.38432341,1.00971185,-1.00531187,0.10140715,2.17116495,0.66207429,0.10058121,0.53916127,0.08617684,2.19089801,0.98363620,-0.08561495,0.25233143,-0.39079800,1.20985013,-1.40610477,-1.60473853,1.45871475,2.15311979,0.46830491,0.11273794,0.65726769,-0.64705353,0.17124355,0.03890871,0.62656425,-1.55799853,-0.50703477,0.84499560,-0.67559383,-0.99336138,2.04207215,0.03811800,-0.57891814,-1.69237044,0.72934635,0.69913615,-0.29875960,-1.10223019,-0.02454942,-0.83585607,-0.94209359,-0.10321275,-1.05139040,0.24664896,0.60799251,-0.83963245,-1.36824510,1.56127960,-0.94027024,-0.65994271,0.21301717,0.59936937,-0.25631689,0.46079433,-0.40098616,-0.97117066,1.42631686,2.48844161,1.69596953,0.14180664,1.83343536,0.35570352,-0.47728627,0.46637957,-0.09439251,-0.98311818,-0.89832197,0.80205174,-1.84653198,0.60413674,-1.62958360,-2.12117644,-1.83884660,1.96676397,-0.19623396,0.08658318,1.41925505,0.93417975,-1.39150527,0.86900634,0.18418126,-0.34167810,0.02429091,1.27981202,-0.88596648,0.40088568,-0.00965724,-1.79716462,-0.80225317,0.19321355,1.29734209,1.00133102,0.59721250,-0.81527566,1.80121399,0.21524047,-1.00636552,-0.18290498,0.89624843,0.00761750,0.88686469,1.10369396,0.40053068,-0.85770262,0.13545466,0.04516586,1.85934633,-1.62632194,-0.13482245,-0.58409355,0.33510562,-2.43756436,1.11492456,0.01374849,-1.84470116,-0.36111313,0.60896234,-1.59144788,0.00322222,-1.05747365,-0.55598503,0.02673838,0.18345025,-0.47074250,0.27279639
0.81797761,-0.27891428,1.43156776,1.46221417,-0.42870207,-0.63784056,-1.66417299,-0.12656933,-0.36343778,0.77905122,-1.50966161,-0.27739139,0.96874439,-0.73035710,-0.76236154,-1.44694033,2.62057385,-0.74747318,-1.30034683,-0.80385040,-0.77429508,-0.26938978,0.82537223,-0.29832317,-0.92282331,-1.45133850,0.02185736,0.04253907,1.53093235,0.09244774,-0.09900831,-1.05065384,-0.30595258,-0.43847446,-0.37016416,-0.95925539,0.53832960,-0.14244542,-0.20035348,-1.71404612,0.49364409,0.48701533,-0.83912940,0.99012138,-1.36475823,-0.02186991,-0.27120734,-1.31717479,0.18970261,1.70257015,0.06763423,-0.46302175,0.44702416,0.10572000,0.02776213,-0.42554221,1.42197556,0.45636336,-0.52867066,-0.10800384,-0.74086670,-0.60829115,-0.64072572,-1.13431159,0.77727696,-0.29104146,0.55412758,-0.67012590,-0.06036249,-0.71104060,0.71966817,-0.24841931,-0.73087359,-1.64170323,0.27566655,-0.70838505,-0.01577922,-0.49173011,0.95418958,0.54414475,0.44721209,-0.61612112,0.46629004,1.71483161,-0.83218603,0.17233914,-1.64921697,1.39856209,-0.39791210,0.78257888,-1.72322825,1.79753939,-0.35687153,0.54565732,0.15081821,-0.25547079,1.68579230,-1.64804621,0.29871366,0.91064567,-0.02985612,-0.11817078,-0.14268771,-1.22763642,0.03812738,0.51271752,0.06859923,-0.27227610,-0.48972502,-0.27929667,1.25774422,-2.08663498,0.04007146,-0.32775492,1.45580795,0.05549223,1.48492560,-2.12389002,0.45958490,0.28005786,1.39053397,-1.64134861,-0.15503581,0.06606026,-0.49579549,1.21657771,-0.33868219,2.03476254,1.05417791,0.95083370,0.55929898,-1.06369559,-0.43109634,0.57275137,0.67755703,1.30718385,-0.46744101,-0.86015338,0.85910419,-0.80962658,0.87331184,1.19973618,0.45615304,-0.35757903,0.04108223,0.59346592,0.01018552,2.19829634,-0.99067093,-1.00266859,-0.97689539,-0.58957992,-2.17893152,-0.62965043,-0.65328470,0.07851403,0.41780058,-1.24021634,0.90005424,1.80224223,-0.20828510,1.57437124,0.19898949,1.98873192,1.11728347,-1.56390463,0.01862737,1.05432497,0.03054658,-0.03688353,1.26976475,-0.70985418,0.01751561,0.32362576,-0.33379096,-0.02012910,0.77502326,0.43283762,-0.80871753,-1.10412399,-0.78910218,0.00124846,-0.15993979,-0.83195749,-0.59815045,-1.52003929,0.41785370,-0.04001873,-1.25978734,0.02862050,1.34262201,-0.73993585,1.31513767,-0.32345747,0.19782817,0.09775080,1.40152342,0.15843385,-1.14190142,-1.31097037
-1.53292105,-1.71197016,0.04613506,-0.95837448,-0.08081161,-0.70385904,-0.77078430,-0.48084534,0.70358555,0.92914515,0.37117255,-0.98982255,0.64363128,0.68889667,0.27464720,-0.60362044,0.70885958,0.42281857,-3.11685659,0.64445203,-1.91374267,0.66356158,-0.15407240,1.19361168,-0.09816121,-0.88661426,-0.14735366,1.05980629,0.02624662,-0.11433516,0.74355352,0.21035937,-0.00592741,1.36606007,1.55511403,0.61332623,-0.28595915,1.49691099,1.18311956,0.71889717,-1.21607658,0.14067190,-0.74367217,-0.15901225,0.24005693,0.10015941,-0.47517511,1.27295375,-1.69613127,0.73018353,-1.85748327,0.38259814,-0.88690433,0.87830376,0.08645252,0.24770638,-1.01827933,-0.65457013,0.20721739,0.58356993,2.92909624,0.22285832,0.97603753,-1.55693393,-1.32989186,-0.35549477,-1.19742770,1.48639925,-0.41021869,1.38218189,1.48678247,0.04277972,0.50179975,-0.05609947,0.53843700,0.48334185,-0.12364963,0.50496998,1.72369628,0.71301623,0.32579961,0.12476952,-1.01267312,-1.02729688,0.32335653,-1.36939112,-0.76632760,1.28151134,1.91422970,-1.66595608,1.62664956,-0.21143829,-0.01500509,-0.11341163,1.08054413,-1.60767658,0.45616361,-0.94487020,0.57078853,1.54279634,-0.00041733,0.37415509,0.40955178,-0.79959350,1.51163935,1.70646825,0.70178337,0.07328543,-0.46189382,-0.62649022,1.71083658,1.41441504,-0.06366149,-1.57993053,-2.83201187,-1.08342666,-0.13062040,1.40068903,-0.65165621,0.50481546,1.30318096,0.12853632,-0.14244787,-1.30876351,-1.20247531,0.41609963,-0.20090753,0.12253132,-0.04727772,0.66414405,-0.78468741,-0.33558064,1.89618223,-0.79978614,-0.28157543,-0.58938670,0.44478136,1.02239232,-0.49821162,-0.43141434,-0.27898161,0.52983378,-0.73939530,-0.37595997,-2.37219387,-1.38174501,-0.11244376,0.89786417,0.29507578,-1.09876846,-1.40025621,0.17468009,-1.65280364,1.06592682,0.06389619,-1.60732016,-0.96595386,-0.72431132,-0.77319251,-1.48993301,-0.87466252,-0.68440156,-0.71128576,1.12795662,0.10482780,-0.99325722,-0.33462161,-0.87955710,-0.30000666,0.87550915,0.25227078,2.28560118,0.37592743,-0.91359451,0.80974073,1.07993122,1.09416699,-1.09424095,-0.14763741,1.13181196,-1.68472896,-0.49941676,-1.42693769,-0.93257023,-1.01245715,1.25056983,-0.23453803,-0.86335558,-1.03560573,0.14166716,-0.01113563,1.34407437,0.50001670,-1.43179778,-0.62898071,1.07007251,-0.62108270,1.73457217,-1.09828943,0.57261335
-0.86121555,-0.50959513,1.09858165,-0.12706716,0.81345225,0.47329059,0.75386568,-0.88818821,-0.22157440,0.42425262,-0.84907287,1.62950004,-0.77722804,-0.30000358,-1.00655906,-2.14330807,1.79691852,-0.20433894,-0.44791484,-0.19871506,1.41986397,-0.96510661,0.67956787,-0.42378825,-0.59667086,0.56705821,0.98824057,-0.51390295,-0.76884916,-1.16909575,1.10350377,-0.57525599,-1.84913073,1.40995214,-1.36985950,0.77946053,0.18342865,0.28791543,-0.58437528,0.36559146,-1.66777989,0.58803775,1.55701004,0.88402720,-2.01954009,-0.98420900,-0.18779492,0.48693730,-0.10665267,-0.49321439,0.59530031,1.16415177,-0.23229401,0.72892987,-2.57905075,-0.93750939,-0.32125894,-0.48856622,0.33279822,1.01375055,0.50666903,-0.62222547,-1.52276809,0.55696412,-1.83817674,0.65303728,-0.18844908,-1.17583499,0.28725731,-0.00287610,-0.03659729,-0.08422330,0.41952411,0.92443402,0.49661520,1.01213319,-0.04413972,1.61845932,0.57110982,-0.54369403,-1.09389506,0.20579680,-1.30652152,-0.97337597,0.23908708,-0.60788745,-0.93331624,-0.03447505,0.07267790,-0.20583403,-0.37754692,0.85464273,0.34242735,-0.22342611,2.46432193,0.19383174,1.13200513,-0.56098100,-1.36294095,-0.79175652,-0.26800978,-0.49660821,1.33638618,-0.12004112,0.46146888,-0.04648116,-0.43355433,0.03799601,1.71405147,-0.76794859,0.76699045,-1.02600725,-0.45962644,0.00358321,0.32637509,1.48312863,-0.05008264,-0.84361561,0.65004197,-0.36416981,0.23868157,-0.11622244,-1.94345685,0.50829919,0.58336801,0.92660477,1.80046276,-1.19510377,0.51650744,0.40929500,-0.41908199,0.39710624,0.49964696,-1.21868383,0.24622276,-0.91798431,-0.65185650,-1.77474482,-0.47336093,-0.20357067,0.54985687,0.00089993,-1.54228815,0.86214806,-0.11858662,0.48837059,0.96593612,1.42260475,1.96122699,-0.07223876,0.31112445,-1.07836109,1.06160017,-1.18488744,-1.80525169,0.83038601,-0.52169652,0.77760728,0.40807465,-1.63000265,-2.71967936,-1.09660175,0.01649149,-1.22177633,-0.65276145,-1.45894073,0.16987796,0.09082593,-0.48139262,1.39706530,1.49771503,0.56526720,-1.79977118,-1.10469015,0.40713033,-0.62855758,-0.48709143,0.89896739,0.51087482,1.31415443,-0.42920930,1.37522542,-0.55413125,1.49949149,0.10583464,-0.86050975,-1.63121951,-0.30147231,-0.25623270,0.85766191,-0.11059050,-0.43243198,1.07703747,-0.22482656,-0.57624182,0.57460892,-0.48982822,0.65880214,-0.59691711,-0.22295918
0.15217698,-0.37412632,-0.01345147,0.81547197,0.41060179,0.48096985,-0.63543044,0.85282977,0.66956234,1.00441919,-0.72636583,-0.17245860,0.63353390,-0.60881512,-0.22612247,1.92580574,1.95176101,1.23994055,0.93858514,-1.01925115,0.51256223,-0.35911660,-1.05857190,-0.50900584,0.11566507,-0.54735557,-0.55079943,0.79204150,0.14410649,0.23345808,0.11187240,-0.67570314,-1.37057192,0.31056471,-0.50703663,-2.01078227,-0.39256726,-1.09221794,0.69865023,0.52162523,0.49689314,-0.66504162,0.73155158,0.31964978,-0.40985454,-0.45333743,0.89270815,-0.47360406,0.30365647,1.03395699,1.90934263,1.66387312,0.90082276,-1.50591135,-0.68904843,-0.54808719,1.65314983,-0.69931794,0.38616638,0.10086706,-0.93512721,0.38182401,0.39829609,-1.25577488,1.22287745,-2.08651003,-0.59075715,0.97197029,-1.19325783,0.35026592,-1.29636039,-0.09302414,-2.31377311,-0.84257170,-1.54292145,-0.40176374,-0.41523140,-0.67366417,0.79791320,-0.88687960,0.63438667,1.62927577,0.13906415,-0.85767020,-1.24933851,-0.70978510,0.70464272,0.15559073,0.93679522,0.77033088,0.14081065,0.47348826,1.85524621,1.41565623,-0.30274602,0.98967944,0.58585081,1.13638808,0.67161657,-0.97416744,-1.61968457,0.57262702,1.90261820,-0.77566411,-0.18808974,-1.03574773,1.17782950,-2.30516686,-2.26366030,0.37501992,-0.08234365,-0.47962302,-0.30109479,0.53698791,-0.41380399,-1.09692497,-0.92736293,0.88833886,-0.52474195,-1.38527758,0.10217833,0.50499472,1.32896075,0.21790339,-0.65971125,0.47400787,0.72717487,-0.03890531,-0.04459939,0.26013290,-0.06985650,0.25011391,-1.02191332,-1.15043777,-0.83611138,0.64221094,0.25879757,1.04023896,-0.18669092,-1.14364140,1.14455354,-0.01876706,1.28345504,0.59794649,2.18861868,-0.21977299,0.90072391,0.89136411,-0.55512635,-0.17248232,-1.46173834,-1.54879614,0.12656880,0.79300707,0.63802403,0.34002460,0.86301715,-0.58969780,-0.27253275,0.73752151,0.43311873,-0.21018881,1.32079439,-1.29200125,-0.51867869,-0.28339777,0.81653488,0.00238520,-1.26149175,0.51400418,1.08754632,0.73930453,0.61915492,-1.87431350,-0.89988648,0.48208061,-0.05488818,0.52255760,-1.26634268,-0.06149476,-1.38978102,-1.95367856,0.29577909,0.84258880,0.24561643,-0.03299648,-1.56201434,1.00610707,-0.04404490,1.95956201,0.94231431,-2.00512543,0.75504968,-1.39653524,-0.75949549,-0.25075668,-0.09406245,0.39756522,-1.02285504,-1.15069200
0.60060520,-0.01325027,0.17437305,-2.19368335,-0.17713738,-0.89072918,-0.92062637,0.92193480,-1.09567123,-1.09289661,-0.33101060,0.45028883,-0.88401473,1.23414404,1.44984753,-0.88144707,-0.24508176,-0.77867547,-1.68538210,0.30301105,0.73359487,2.01186426,-0.89740950,1.33623509,1.34235369,0.19785331,0.60216349,0.87327305,1.97409995,0.47780856,-0.06013789,-0.86616880,0.30532076,1.02416493,0.24461036,-0.77992325,0.08907620,-0.12915348,0.26473876,-1.66184837,0.55078861,0.59542316,0.44485344,-0.00376282,-1.80593626,-0.01932279,1.06071500,-0.86012888,-1.98926947,-1.54055797,0.31402569,0.37287601,0.88629319,-0.05525900,-1.50032838,-0.81850414,0.81883937,0.14049591,0.64982963,0.43478881,-0.20496055,-0.17400684,1.85710227,0.41467427,-0.12858755,0.45541999,0.22290582,-2.15735637,0.65008451,1.82093927,-0.78027987,1.45403575,-0.25686970,0.29347140,1.07036002,-0.72000143,1.24249391,-1.21421728,-0.87515475,-0.59352032,0.66200537,-0.34087441,-1.51997446,-0.21653287,-0.78422138,0.73129362,-0.34323505,0.07077408,-0.40547246,0.43393897,-0.18359076,0.32519871,-2.59338856,0.09725088,0.41391367,-0.19928005,0.66939247,0.73860703,1.30421389,0.10481161,-1.91380070,-2.28549945,-1.60184095,-0.03790706,-0.15730529,0.27623985,-0.62524592,-0.73649117,0.55504794,0.65592441,-0.25665014,-0.03847666,0.40431434,0.50434358,-1.14398070,-0.71957386,-1.23054605,-0.50690661,0.81233359,0.54627187,-1.09809796,0.51226673,0.08584311,-0.49392671,-1.40645966,-0.17482337,0.67994401,-2.16309765,-0.39612320,2.25428370,0.67263672,0.25983250,-0.73718517,-0.67832984,-0.08328840,1.60286363,0.46558919,-0.87215840,1.17678696,-0.29259421,1.69734648,-0.56660302,-1.00326576,0.17462958,0.98232698,1.03744480,0.15919177,-0.98809669,-0.50534072,-2.01828187,-0.91312154,-0.17845681,0.38900214,-0.33945432,-0.05697905,-0.39618544,0.75102530,-0.89911294,0.83754791,1.96088081,0.47278966,-0.52709161,-0.53627014,1.20983722,-1.12658943,-0.95380442,-1.16444845,-1.27851384,-1.04481632,0.78990494,1.10228256,-0.69707307,0.20733405,0.75915668,0.10056420,-0.95494276,-1.47040174,1.01042755,0.49617941,0.57695589,-1.10764690,0.23497719,0.62899959,0.31403384,-0.74502322,1.01226051,-1.52763195,0.92874192,1.08105594,1.57233032,-0.34249219,-0.99943002,0.79388036,-0.69921528,0.04399551,-0.31746222,-0.90207197,0.32099947,-1.39201592,0.59220568
-0.96693109,-1.73173135,-0.05010746,0.43163385,0.57693460,0.81835373,-2.35364040,-1.00514443,0.10665229,1.51900328,0.78374449,1.90134005,-0.52493942,0.27441700,-1.09997081,-0.40435222,-0.73529572,-0.63398866,-0.39344912,0.00271754,0.02221266,0.54345344,0.13998847,-0.34404563,-0.52257854,-0.30713172,-0.44903714,0.49097106,0.86552519,1.27404454,-0.79770276,0.46937223,-1.39467964,0.37317472,1.08267228,-0.14958950,1.07263605,-1.13856787,-0.88864528,-0.13580984,1.02221035,-0.41742946,-0.45355310,-0.99162836,0.20288104,1.24669514,0.70068011,0.69665065,-0.20697447,-0.56330936,0.67724592,-0.03191108,-0.17360824,0.89824062,-0.19778745,-0.83777626,0.90918850,0.08071989,-1.03702934,-1.11290589,0.09541188,2.33740966,-0.39282060,-0.33627386,1.52377120,-0.05728120,-1.44846686,-1.57279645,1.22666397,0.66635454,0.82612571,-0.05775656,-0.72671203,-0.21716312,0.13603122,-0.83831116,0.56144991,-1.25959617,-0.33275876,-0.20400787,-0.69101981,-2.20550536,0.44786966,-0.75575076,1.32570796,-0.34198228,-0.54135959,0.09152195,1.05343975,-0.56340766,1.01473769,1.44030364,0.99032281,1.62643149,1.29264602,1.51488229,1.60432632,0.20806953,-0.42922390,-2.26224364,-1.32273312,-0.44828280,-0.38173509,-0.15279446,-1.00076049,-1.59577761,-0.13022317,-0.18941793,-0.80755404,-0.74215216,-0.94015659,-0.39652374,-0.85630283,1.25987533,0.24099673,-0.97231792,-0.28044778,-1.18028561,1.01216830,1.38418672,1.25200198,-1.14469263,-0.09126702,-0.40157068,0.56201311,-1.00790980,-0.67589169,-0.41321703,0.15328847,0.69412871,-0.32872769,0.66396508,0.82207636,-0.21321524,-1.24565813,-1.17119034,0.59172698,-0.47622444,-1.71262932,0.61295237,0.12955452,-1.40596708,1.17941998,0.83663599,0.13874525,-1.27431937,-1.40233053,-0.30706849,-1.71391539,0.40508027,-1.41082331,0.16491273,-0.28813145,0.71178527,-0.93794760,0.27372945,-1.39484019,0.79554955,-0.11496177,0.49585067,-1.32052535,0.49908428,0.30620340,0.36369789,0.31263396,-0.19346388,1.24129922,-0.15589799,-0.73916920,-0.05872619,-0.95051795,-0.46399642,-0.17724662,-0.37955412,0.19939707,1.94576139,0.57094984,1.07230065,-0.50370944,-0.58701629,-0.37817805,0.85288910,-2.14811848,-1.03316478,0.10233585,-0.22409237,1.96772968,0.44768322,-0.66219144,-1.57760707,-0.34056003,-1.30322008,0.46675065,0.16110632,0.32003193,2.07917666,-0.90746598,-0.19240421,-1.21251574,-0.08059852
1.59327362,0.56872240,-0.11448705,0.25163025,-1.21085564,-0.39373371,0.08525257,0.09942199,-1.53061624,0.32762318,0.27919649,-0.37705121,0.00417500,-1.48349155,-1.47979562,0.13468726,-0.66772319,-0.01155552,0.83949067,-0.17392993,-2.81066805,-0.15065364,-0.48104402,-0.23469435,0.89973081,-1.57853019,0.24395662,1.57030391,-0.62594311,0.47232789,0.96630578,0.21023144,-0.68509698,-0.70952101,0.74380015,0.59214909,-0.78646842,-1.17647315,-1.28080671,1.66165186,-0.06794512,2.36022859,0.55554560,0.43952232,0.30627249,0.99914985,-0.96606319,2.16001311,-0.10030170,-0.70340009,0.30256100,1.09233888,-1.00755488,0.56686937,-0.71644416,-0.50627353,-0.48948242,0.76354147,-1.10907273,0.19261611,-0.34341786,-0.84721018,-1.21352360,-1.20288832,-1.63379602,0.89616719,-0.24165316,0.15865193,1.17818936,-1.22011716,-0.94154568,0.25471554,-1.82407955,-0.57870851,-0.92489307,0.32952244,-0.42581587,2.00814928,0.93789137,-0.85323848,-0.38731344,-0.34758451,3.30657435,-1.51019964,0.20353970,-2.08443214,-0.00693744,1.90989056,-0.40845543,1.10455442,-0.06611523,-0.42249872,-0.25165636,-0.58690265,-0.62605827,-1.33019441,1.50680073,-0.39307640,0.29377431,-0.87653185,1.11699056,-0.27355578,-0.09103267,-1.82897664,0.39597621,1.81150570,-0.86907759,-0.45822915,-1.13832396,0.12916217,0.06402420,0.70508110,0.55147355,-0.81251605,0.22494805,-0.32830111,-1.09103298,-0.12685587,3.80166021,2.31517063,0.13982660,1.73885721,-0.04538336,-0.05313834,-1.94957179,-0.96010557,-0.78349926,0.10751903,0.01398453,-0.57894235,-0.58881320,-0.16615314,-1.38141165,-0.61263856,-0.38128987,-1.24894893,-0.33023789,-0.83480716,1.23538239,-0.24380380,-0.18954567,0.42802811,0.55696832,-1.73624180,-0.37678411,-0.90903233,-0.14517024,-0.53633252,0.15706946,-0.98045925,-0.56776724,-0.59115967,1.08259137,0.36800366,0.36888871,-0.28631828,-0.38471785,0.56100289,0.77743393,0.01514679,1.14164795,1.27415503,-1.66469804,0.43037888,-0.04260193,0.38828881,1.11597653,-0.92053816,-1.62027410,1.10619147,-0.99848464,-0.68621951,0.20462089,-0.68610182,-1.59221063,0.03418977,-0.78148466,0.59785988,-0.50607656,-0.68844614,-0.21000054,1.05215348,0.90790408,-1.09322618,2.79970765,-0.32577632,-1.15241573,0.88823199,-0.36167246,2.15371951,0.84740836,-0.19871985,1.57530688,0.84911521,-1.22889520,0.88839411,-0.51648744,-0.08332629,0.13105445,-0.87909601
-1.33334228,0.36778401,-1.38823350,-2.57520263,-0.83610560,0.33109242,-0.26988113,1.26713094,0.18375350,-0.76630965,-0.43958355,-1.43654136,1.08579722,-1.38110009,-0.92040763,-0.16028622,0.00235326,-1.50265036,-0.90553580,0.26504060,1.12972336,0.34900356,-0.02580976,-1.56240873,-0.61734235,0.52149424,1.08094667,0.88937591,0.13807164,1.20460047,2.88146071,-0.59386192,-0.76311580,1.51848293,0.23546453,0.11230769,0.39237433,-0.65448651,-1.03479528,-0.77714751,1.24594626,-1.43664066,0.49865465,-0.55768746,-0.35336689,0.74295098,0.84398891,0.34297654,-1.87311966,1.57096471,1.31019652,0.09143683,0.01025782,1.80144921,0.94722427,-0.02929440,-0.29233868,-0.19353711,1.17723205,1.03999178,-1.61342301,0.46464240,0.86412133,-1.50646317,-0.00296475,-1.77704361,0.12949284,-2.08323450,-0.68174552,-0.61106591,-0.70884982,1.45152802,0.53551057,-0.39956886,-0.93307784,-0.23877632,-1.02911297,0.97308000,1.99676600,1.05319990,0.33169035,-0.16562878,-0.40510629,1.74528457,-0.57593561,1.56109856,-1.13153924,-0.29623165,-1.71405659,0.15923420,-1.26372762,1.66504941,0.41227227,0.53739675,0.28267845,-1.09254081,0.12411829,1.83708069,0.00855493,-1.01701620,-1.85234266,-0.71332699,-1.76222890,0.83051737,0.78116727,-0.87568183,0.61398131,-0.57645465,-0.04561428,0.37195555,-0.44396001,0.41820335,-1.68572805,0.11747499,-0.03495202,-2.04639314,-1.80969019,-1.85952361,0.41430683,0.12395963,0.27395758,-1.32637849,1.13897381,0.98284122,-0.76696304,1.17606028,-0.25092240,-1.77620502,-1.63269477,0.73372349,-0.10404881,0.88122495,-0.08837312,0.26767089,2.12352642,1.39684909,-0.43282727,0.37496872,0.49444544,0.76139117,0.07100881,-0.49353185,-0.00362282,-0.48028711,1.68336728,1.24072624,-0.20361502,0.42829226,-0.16545926,1.19324114,1.04888052,0.56861083,0.87126427,0.66057081,1.17406185,0.53113137,0.15190053,-0.57722562,-1.57175074,-0.02784838,-0.74105553,0.06000907,1.14048842,0.17282468,-0.41500167,-0.85312862,-1.43013521,1.33280534,-1.77669102,-0.93478303,-2.31320193,-0.31614158,-0.34228456,-0.40429442,-0.06312990,-0.82126507,-0.91365564,1.81782641,-0.33406295,0.90765862,-0.83677104,1.61272859,1.51418213,0.23101868,-1.09953159,0.08700139,0.04730450,0.23962391,-0.97822062,-1.52300014,0.16236304,-0.01029132,0.00207502,1.02680058,-1.47516048,1.01069372,-0.74322754,-0.39522207,-0.82577936,0.08961986
-1.90581787,-0.56808572,-0.51575655,1.26393020,0.15069814,0.69551831,0.00593881,-1.04890037,0.90720487,-0.84544134,-0.52624334,0.18209978,0.94553879,-0.20138454,1.51052473,-0.57147842,0.66558929,0.00361630,1.54667184,0.21440601,-1.87731282,1.08833521,-0.08154851,-0.55306191,1.22296476,-0.33130864,0.59998674,-0.76838332,-0.83613013,1.81058176,-0.78703274,-0.58477094,-1.70832079,1.62998224,0.39799832,0.23777963,0.97513841,-1.32933657,-0.54104678,-0.09143773,-1.54847105,1.31142713,-0.01842905,-0.32328864,0.23622549,-0.75258228,0.04511300,3.42753855,0.60468203,1.66831106,-0.35508312,-0.75156899,0.30970359,-1.34170494,-2.30695777,0.73159251,0.64133814,0.83385122,0.02816987,1.97837270,-0.08732819,-0.55396474,-3.00649872,-0.04716587,0.83187779,0.00686120,1.12422173,2.29488117,-0.17335021,1.23125356,-1.58585258,1.03131910,0.06349048,-0.22139050,-0.16339892,-0.15630347,-0.30880291,0.19867297,-0.17429213,-1.15579248,0.41705389,-0.60786795,1.04798661,-0.03382697,0.12702395,-2.04923191,-1.25668013,0.93961439,-0.73381673,-0.53243766,-0.27793997,1.36374259,0.37413800,1.31026460,-0.26774780,0.21317626,-1.20324346,1.17803124,0.10864820,0.04412910,0.33831554,1.44679207,-0.21449511,1.66303896,-0.85152258,0.42218461,2.00921856,-0.48981473,0.24525585,0.87750506,-0.13789970,-1.50035328,-1.05595936,0.58093259,0.89151532,0.78455533,1.14643201,0.07198519,0.20823317,-1.51886866,0.31732895,0.61268079,-0.58321129,0.64400170,-1.81588884,0.75109960,0.30028432,2.11060853,1.41308554,1.50698036,0.81739710,0.64661561,-1.18163131,-0.33509130,1.82672847,-1.45616445,-0.45028183,-1.41923408,1.45095181,-0.56578133,1.54453437,-0.41376249,-0.50413208,1.27852919,0.93883173,-2.71628031,0.45114079,0.60016688,0.20980693,-0.65765800,0.02840844,-0.39806148,0.21132303,-0.20239426,-0.62192816,0.16377045,0.80243891,0.28900589,-0.55364239,0.33625402,1.06979239,1.59540417,1.20755258,0.53738019,-1.00912403,-1.36555273,-0.20238121,-1.40918478,-0.78478473,-0.17012230,-0.48421042,-0.32791806,-1.32800463,0.23146676,0.99650805,-0.54813747,0.72575534,2.66272671,-0.09181103,0.65121001,0.19677009,0.96962373,-1.71864988,-1.05695677,0.14346393,0.88696257,0.13052403,-1.66457325,-0.82361328,-0.79470612,0.38899195,-0.76203896,-0.68080710,1.08474758,1.33531628,-0.41327481,0.42490267,-1.88148380,0.19832706,1.18997805
0.52678171,0.10106084,-0.38864297,-0.64679202,-0.17908241,-1.55144114,1.61045898,0.56421064,-0.10243703,-0.61980477,-0.07033962,0.79779494,1.01144789,-0.90369093,-0.97352876,2.07822996,1.13659286,0.70851994,-0.13864624,0.92402034,-1.27323318,1.53176842,-0.03577222,0.79086150,0.64621777,-0.13157091,-0.17536636,1.22158314,1.02649740,-1.77223112,-1.69240574,-0.94622062,-0.89354540,-1.11852587,0.27211064,-0.46370445,1.20612462,1.45287777,-0.02868324,1.68345795,0.02421431,-0.43479065,0.06478574,0.94486000,-1.61446097,-0.20859932,0.29740566,0.36308467,-0.36843634,0.48878574,0.29212162,-0.59190811,2.18159863,0.43955021,-0.33118335,-0.57171903,1.02940892,0.10205979,2.54811270,-0.43592412,-1.24260694,-0.02769846,0.17506746,-2.11845063,-0.30916851,-0.36841544,-0.36876354,-0.63022575,-1.34319254,0.75803805,-0.58384084,-1.02370145,-0.75993427,-0.47232324,0.10864712,0.66833899,-0.95317950,-0.47929740,-1.34550773,-3.39229999,0.15579393,1.52000352,0.52208325,-0.50705996,0.09647914,-1.17482010,-0.12229236,-0.42770925,-0.85271423,0.40565223,2.59986716,1.66544951,-0.07207302,0.88411465,0.86270743,-0.64753803,0.64390407,-1.44099210,-0.80529839,0.23875287,-0.41478766,1.75647864,0.64804043,-0.38203812,-0.47057971,0.18697061,-1.05553129,0.59561195,-1.37530195,0.62301020,-0.16459473,0.41461352,-1.01258593,0.24498521,2.41234774,-0.45721675,0.31739986,1.50556695,0.76170414,0.43188548,-1.01368927,-1.27758837,0.05343244,-0.46323586,-0.01905821,0.20565667,-0.67642784,0.49410303,1.85855619,-1.00934099,-0.46954636,-0.04961066,1.14045967,-1.18638200,-1.06514810,-2.16366101,-0.44036221,0.68014577,1.06522471,0.35715366,-0.60095698,0.70647161,0.20431859,-1.92070560,-1.22809483,1.51186531,0.32220508,-1.37479439,0.81995311,1.06143496,-0.43503403,0.65768210,-3.74010064,0.97357680,1.17515539,-1.12470271,0.28208540,-0.33812054,-0.10252948,-0.42488044,-1.33229547,1.89040370,-0.31031085,0.10475504,-1.00940058,-1.03686716,0.41259842,0.52639208,0.87792417,1.10377400,-0.21020754,-0.44420306,0.74681383,-0.63743920,0.87175850,0.37450029,1.15502643,0.67039169,-1.05444582,-0.86563364,0.73248530,1.90705584,-1.32281170,0.02321160,0.28167456,-1.52577751,0.47812500,-0.09312279,-2.09655748,1.62172798,-0.86320822,-1.28250341,0.42014162,0.55748680,0.73641140,-0.38600336,-0.01091434,-0.73080676,-1.31019731,1.07913065
-0.10276269,-0.18231426,-1.99926759,-0.17837110,-0.84249450,-0.17461365,-0.21924415,-0.44646479,0.93883864,0.44705415,1.12715451,-1.32482737,-0.64895593,-0.04028082,-0.40663897,-0.07925773,-1.18210340,-0.71617806,-1.64155395,-0.89002555,0.69417672,-0.21420688,1.50575324,-0.59553387,0.11907108,-1.21325233,2.60067187,-0.17862060,0.82962984,0.41338502,-0.58387881,-1.33090128,0.15614312,-0.55678974,-0.15550430,0.65130206,0.07824116,0.37711630,0.15004658,-1.46724933,1.39606220,1.17585230,-1.13616485,0.50530061,-0.66202427,-0.74691634,-0.00484166,1.74766823,1.05795756,0.60522136,-1.15060564,2.55444942,0.87373105,-2.34883742,0.39947434,-0.48869472,0.40998236,0.40064037,-0.91851908,1.82588575,0.19978462,0.94134791,1.35142356,-0.73815760,-0.91176848,1.12190735,1.39283743,-1.37701857,2.01124319,-0.23550331,0.69178453,0.56438821,-0.97134232,-0.86404814,-2.08359234,-1.15115014,-1.48247596,0.04019052,1.36940215,-0.02714493,0.33885416,0.77800354,0.67970944,-0.38583150,-1.46334506,-0.42980551,0.06295936,-0.87164521,0.36196071,-0.29271210,0.62182153,-0.80323948,-0.92196766,1.77405634,0.02875624,0.55296385,-1.09842225,-0.37726446,0.68216948,1.56561586,-0.72448507,-0.80291741,-0.02266894,-1.52439515,-0.03013331,-0.06472838,0.72474915,1.41460974,0.56984432,0.74155105,0.05227895,-0.35974458,-1.99597687,-0.88622082,0.21726668,-1.64559372,0.24288982,-0.40083471,-1.02155985,-0.47002432,0.72878152,0.88550111,-1.93702141,-0.14948401,0.91388466,-0.25789486,0.10881527,-1.49541088,-0.48003366,1.82877543,-0.78806803,-1.44063234,0.14947176,0.78862933,1.19381049,-0.51772264,0.22247558,0.54435488,0.64921053,-0.54720274,1.71272493,-0.68729702,0.70787216,-0.02191124,-0.58721856,-0.64285130,-0.58634691,-0.44687107,-1.01888560,0.69740970,-0.70351532,-0.61502085,0.48869059,-0.10796194,-1.42190364,-0.93600950,-0.19655724,-0.57498784,0.75048254,-0.76440203,-0.96712707,-1.01054621,0.40665725,0.48347173,-1.67244459,0.62207520,0.86097327,-1.69099776,-0.69043143,1.42889242,1.00610171,0.02479266,0.50124940,2.11201962,0.50279697,-1.22080886,1.36493900,-0.87093889,0.99390224,0.65627066,0.88951355,1.54093298,-1.46591433,-0.06958855,1.94604950,0.97638174,0.17715834,-1.02317313,0.10672049,-0.91188130,-1.46836696,0.57647870,0.06530561,-0.77351280,0.39494819,-0.50388989,1.77955908,-0.03057244,1.57708821,-0.81280210
0.61334917,1.84369998,0.27109098,1.13644763,-1.73833187,0.70713474,0.03038613,0.76500198,0.86766522,-2.25625012,-0.44360274,-0.67002328,0.15216419,-1.94053340,-1.09050867,1.00192070,0.17689245,-1.08801454,-0.25321737,1.09827306,-1.83956679,-0.21142861,-0.22966324,0.18697941,0.50377947,1.91034250,0.55378119,-0.58748147,1.25794994,-0.85866840,0.43618710,1.57146305,1.07731488,0.81108968,-2.23153764,-0.10100252,-0.58737507,1.32486827,0.84064848,0.26110618,0.79444165,-0.64961649,0.63428451,0.09500266,-1.68320681,0.34404614,0.70715803,1.19341459,0.52738853,1.00670392,-1.73232733,-0.37341216,-0.14251040,-0.32974236,-0.08904212,-0.57739625,0.73616548,-0.99120555,0.12517461,0.07315271,0.14393723,-0.94772432,1.39922992,-0.22612373,-1.43885416,0.80130102,-0.00333145,-0.09694156,-0.09587145,0.39543696,-0.05324304,-0.77349958,-1.41918551,0.30345193,-1.51820671,1.11970773,-0.95386096,-0.84961402,-0.98189969,-1.36307767,-0.77259856,-0.28362545,-2.32760404,-2.44522749,-0.71586493,0.88339684,-1.30043986,-0.07633908,1.43055682,-1.32340858,-0.43835617,-0.74315248,0.89196758,0.46387277,0.61766085,2.49641706,1.62947522,-0.09904470,-0.20199196,-1.44882589,-1.71416469,-0.04964157,-1.29939546,0.62535543,-0.79171929,-0.58294339,-1.55268054,2.11015352,0.75882955,-0.70993024,0.15114703,1.32309131,-0.92782507,1.90659868,-1.03217489,-0.17736148,-1.65037840,-2.53851113,1.01009078,0.08570209,-1.73386098,-1.64060121,1.14536140,-0.15059511,1.43144325,0.63658677,-0.06656285,0.03232998,-0.55507365,0.09778611,-0.06098498,0.83751667,-0.16341844,0.82355549,0.92063229,0.18076261,-1.31296833,-0.16047671,-1.90607465,-1.20662162,0.73041833,0.49489279,-0.00320888,-0.30243316,-0.73940095,-0.51281208,0.96525152,0.47667926,-1.37121649,0.19885284,0.13996283,1.64867347,-1.75755175,-0.78312954,0.97362584,-1.11093222,2.38562163,-1.17894422,0.02912215,0.55954756,0.88103714,0.71520848,-0.46207754,0.91320701,-0.75465249,-0.53497714,0.45664246,1.50957696,-0.22817124,-0.89034153,1.20977191,-1.26480003,1.83818149,-0.98408269,0.64094845,0.92669123,0.78503405,0.22700264,0.04952955,-1.65318050,-0.78081964,0.72464469,0.66336917,-1.03788131,0.34697902,0.25203099,1.75091884,-0.41840116,-0.51985727,-0.92344297,-0.99927847,0.37494836,-0.70434114,1.07470386,-0.62729906,1.53399568,0.41772546,0.25838363,-1.15042856,0.32911419
0.04552198,0.63208260,-0.51084730,-1.45362988,0.27522160,0.13978725,0.24389236,1.00565016,-0.93964063,-2.38175014,0.47502700,0.40591252,-0.47705631,0.17059820,-1.04778081,-2.10619721,-1.69291145,0.04236114,1.38271041,-0.38951839,0.81393791,-0.59433197,-0.05543902,0.79656072,0.13317989,-0.54167835,-0.86530236,-0.09252812,1.18210209,-1.57065459,0.85933076,0.28364699,-0.96911227,-0.01837373,-0.20403545,-0.94774036,-0.53943511,-1.25628730,-2.07152359,0.15123644,1.04448945,1.63334906,-1.11137855,2.14736517,1.52630673,1.42347503,-0.78566639,-0.56225163,-1.93835742,0.19115924,-0.39360292,0.16179069,-0.83451804,0.67287047,0.34318811,-1.14412308,-0.04588795,0.28468450,2.00844156,0.09578085,-0.94040900,-0.31626305,-0.03122347,-0.13359529,-1.84147189,-0.33157690,-0.69330889,-0.26051296,2.12096241,-0.83229061,1.43794100,1.16061814,0.68349782,0.00311042,0.65439342,-0.44991978,-0.54645913,-0.74786167,0.27390159,-0.20977058,-0.23958507,1.42022881,-0.70474851,0.73536490,-0.52192762,-1.59219503,-1.42595045,-0.49155237,0.62961149,0.64178639,-0.24068715,0.61842171,0.07626311,-0.26149032,0.85473127,1.18789390,1.01602739,-0.30687296,0.56770763,-2.12924567,0.19506692,0.36100237,0.15197520,-0.22227273,1.30477319,-0.09323770,-0.13953794,-0.24093675,1.03410538,-0.29245962,-0.83434937,-0.10875854,1.70771376,-0.30068611,0.61577163,-0.27811074,-0.27674681,-0.56084138,-1.21630406,-0.10978163,0.71845575,1.57619296,0.44186950,-0.81686108,0.74550460,0.45402917,1.39836319,2.08961046,1.21460776,-0.39275820,-0.15922954,1.15794053,-0.50769314,-0.14048346,0.63434024,1.07060605,0.22291077,-2.89251982,0.33936596,-0.31204920,-0.97592100,0.02413017,1.12046415,-1.12987723,1.58992299,0.97873010,0.93416363,-0.81470859,-0.25124245,-0.38283487,0.00034096,-0.06220480,-0.31734888,-0.17792735,-0.21162032,0.26748386,-1.65181704,0.48657835,1.69727170,1.07250085,-0.94589723,1.04460802,2.28962785,-0.24255626,0.72103192,2.29938040,1.03029563,1.55072060,-1.09522556,0.23562086,0.39196910,0.56428713,0.78950755,0.15617506,-1.31239414,1.06627241,0.37886033,-1.17861663,0.75899582,0.55298001,0.53703455,-0.28683521,1.63440564,0.57122663,-0.78995406,-1.54275794,-0.76733218,-2.36962329,-0.26055984,0.12895705,-1.20766643,-0.54544359,1.55328265,0.10729134,1.53534354,-0.18495142,-0.17678271,-2.19925405,0.72928875,1.10055824
-0.34236804,-0.31030423,0.81303638,-0.73629709,-0.78232432,0.31709817,-0.60625135,0.61105788,-0.92030952,1.50950892,0.65646368,0.06585118,-0.87363063,-1.05775390,-0.89723703,-1.43220330,1.34043032,0.34207484,1.07062833,1.73906504,1.30660602,0.44961679,-0.41105045,0.74929956,0.21113777,-0.26065114,-0.51519837,1.07921678,1.47746279,-0.27510872,-0.43700771,0.69816974,-0.63517640,0.60367669,1.73692961,-0.41783444,0.02451323,1.98969308,-0.37316831,0.14103673,-0.94181547,-0.70283460,-1.37883697,2.92524958,0.57175199,-0.04587555,-1.05706429,-1.82469306,0.24173829,-0.14515182,0.50199266,0.69232884,1.01227504,-0.04217711,0.62201046,-0.40753613,-0.85144640,-0.33818327,0.76896774,0.60649767,-0.01261314,0.32242772,1.60750834,-1.80241011,-1.25506790,-0.01303376,0.70035734,-0.21527323,0.90308845,-3.00743720,-2.33046726,-0.56780329,2.66732209,-0.00006835,-2.24144897,-0.36002973,0.61749388,0.96222238,0.47054891,-0.23580421,0.67878929,1.15361803,-0.55473281,-0.12360076,-0.13609771,-1.70554241,-1.25709642,-2.31862499,0.08433793,-0.29767325,-0.33903288,-0.03440375,0.51926919,-0.67258310,1.17361123,-1.59222949,-0.01364920,-0.09834549,0.84987707,-0.49498571,1.06873086,-0.23386641,-0.10180511,-0.14907716,0.69809624,0.85314816,-0.60474080,-1.40889096,-0.98110162,0.16518307,-0.01664586,0.14093267,-0.72517213,0.79574082,-0.17643854,-1.63343453,0.15534978,0.54742600,0.14376031,0.13022098,0.22717195,-1.05372913,1.53175302,-0.32649358,1.46684517,-0.55412887,0.96667537,0.24017965,0.10031443,-0.93879146,1.20581856,0.41897201,-0.09025007,1.20737499,0.08858020,2.20980559,1.01667712,-0.33070908,1.35838189,0.06085638,2.00589144,0.08165836,-0.07920937,0.09396830,0.39950668,1.54931126,0.29285692,-0.10671493,-0.49346002,0.78568130,-0.55434513,-1.16883032,-0.94224644,-0.46492760,-0.12443437,1.05317207,-0.57724355,1.19712845,-1.63770629,2.63460280,-1.58642393,0.19808704,-0.21758002,-0.78531472,0.67640868,1.05721416,-0.17218611,1.20938491,0.06405769,-1.06377997,-0.07918751,-0.52749607,0.46021477,-0.39916689,-0.07418320,-1.08535744,1.06935647,-0.35562842,-1.06947711,2.63147430,-1.41297437,0.50743031,-2.16366556,0.30852275,0.18811352,-0.25237797,-1.36354401,-0.85853095,-0.80656077,-1.17412363,-0.94804584,1.43512589,0.39120901,1.33082765,-0.98884210,-0.43130324,-1.73704955,-1.19045573,-0.29111315,-0.42060635
1.77735378,0.10804657,-0.26509988,0.45946259,0.02687855,-1.08570354,-0.62688774,1.39895688,1.30378770,0.25723532,1.01948523,1.64280923,-0.44172571,0.18431484,0.22109090,-0.82681353,0.44643163,-1.14367802,0.10225999,-0.26891389,0.42954712,-1.35486121,-0.52109948,1.88316415,-0.13484605,0.06814416,-0.66957138,0.04537093,0.37977139,-0.47556398,-0.24949630,-0.16645973,0.29573744,1.13051734,-0.66932570,0.80598066,0.80460572,0.25483235,1.08165175,0.09906836,0.10781629,-0.17355245,-0.27036379,-0.21049815,-1.86082117,0.60027365,-0.32225640,-1.46886588,0.97032199,-0.97554224,0.85949214,-0.74155597,0.95888759,1.89892102,-1.59506264,-0.25496221,0.95680855,0.27968907,0.28169651,0.91560344,-0.78886026,-1.28304696,-0.71380982,1.33355216,-0.76390645,-1.53495810,1.15678100,-0.51218141,-0.44900876,-1.39387236,0.53038874,0.56796602,-0.55045586,-1.19373245,-1.89210002,0.56805829,2.59649528,0.40432291,0.60832193,0.14656122,0.34957660,-0.23301646,0.29418864,-0.80100685,-1.24069328,0.11123866,0.09816224,-1.17442244,-0.55143142,-0.35007303,0.71578348,0.15866755,-0.16761008,-1.59221588,0.27041056,0.52919924,2.19811250,0.44633344,0.92411070,0.93366054,-1.81270218,-0.12461802,-0.16964534,-0.45996953,0.85653380,1.62672078,-0.92446962,-0.15599420,0.42499751,-0.77955141,-2.11653618,-0.21506303,-1.10409071,-1.93845895,0.90189703,1.63548129,0.52892625,0.41596393,0.43408301,-0.07760797,0.44916899,-0.13130191,-0.75093498,1.27765179,0.74876155,2.65727305,-0.81860728,-1.44515116,1.34176319,-0.10518956,1.35678725,2.01401409,-1.37262965,-0.85742840,-1.68128845,-0.15059865,-0.72106400,-1.94088243,0.09990506,1.28183644,-0.97007940,1.24537655,0.69687137,-0.06455202,-1.05784032,-0.46922228,2.12839548,-0.38924079,0.56961294,-0.27429946,-1.09841686,0.68972086,1.64924824,1.06513264,1.60904498,0.14301667,-0.00255710,0.52768048,-0.22262126,-0.49148502,-1.59383951,1.01837310,0.04968522,-1.60184875,-1.81841071,1.77165667,1.07560328,0.38340280,-1.46699746,-0.26478176,-1.03207901,-0.36443508,-0.21687421,-0.72528205,-1.39376945,0.73870532,0.24934694,0.54855178,1.13489820,1.10294740,1.66323023,0.92586620,0.45911595,-0.41234545,-1.28973135,0.59025901,-0.29206061,1.99762629,-0.50455297,0.28007850,0.28466415,-1.47323388,-0.76509717,-1.98666027,0.27450362,0.18668076,0.74376296,-0.72518870,-1.05952557,-0.32196267
0.41325597,-1.08299413,0.38184867,0.49025309,0.82031650,-0.35746567,0.08713775,1.22850190,-0.69996852,-0.03824362,2.00602640,0.30404667,0.94327374,0.30047837,1.00693382,0.48468029,-0.21941982,-0.24028438,-0.22841962,0.65778838,0.02437210,-0.01673829,0.08044518,0.27449908,1.56324762,-0.92657970,1.07857129,-0.42622031,-0.33505183,-0.14829257,-1.35458462,-0.63484433,-0.13587207,-0.59677082,1.29708162,-0.82414727,-0.16725257,-0.60403309,1.25129233,-1.34286662,0.41525079,1.19686974,1.40770383,0.17688726,1.72833191,-0.95168355,-0.55157669,-0.53911943,0.25727136,-2.11393195,0.94853292,1.23127609,-0.28818653,1.25819694,0.57375620,-0.97687464,-0.69102952,-0.50729145,0.32875308,0.94058726,0.67200701,-0.62027558,0.11284963,-0.61320381,1.58227068,-0.38443810,-0.06737500,-0.28341001,-1.19951795,-0.07903468,0.82187301,-0.17075027,-1.65103073,-0.20862566,-0.71094707,0.05234685,0.96535967,-0.70020848,-0.15550754,0.04636142,-1.42767541,0.35293382,-0.29415862,-0.95631200,-1.34577327,-0.04249811,0.82050206,0.49099517,-1.17804232,-0.34107921,0.45868013,1.19280865,1.50761553,0.21592992,1.07620032,-1.39935597,0.50862274,1.59242571,-0.04144268,1.37594158,1.35560413,0.62532518,1.67550176,-0.29019613,-0.22899542,1.52464643,0.38919484,-1.24294431,0.02709898,2.97997617,-2.36880345,1.32219416,-0.50867525,0.52843877,0.82521672,-1.34843160,-1.55812414,-0.86986548,-0.09783833,-1.68250115,0.65625956,0.59223168,0.29833509,0.22478466,-1.31887791,-0.31590444,0.04167751,0.77351740,0.13098171,1.66715922,0.62444732,0.05456138,0.45239942,1.61479638,-1.12684086,-0.36008412,-0.34969102,-0.67075852,-0.95658001,0.59793921,-0.45677439,0.61109595,-0.46045372,-1.26201921,1.19804727,1.79841208,0.22467886,0.52308533,1.73676704,0.50865349,1.16503885,0.71312032,1.31997690,0.31110942,0.29893238,0.60867270,-1.34954636,-0.87331634,1.36104185,1.42065476,0.43037416,-0.95199168,1.20276786,0.07992627,-1.17026115,0.61954282,0.89248900,0.87611477,-0.30958091,-0.51960424,-1.30687164,1.51959885,0.21286139,1.56649788,-0.25890540,1.71148899,-1.82081620,0.16349452,-0.81311702,-0.60535458,-1.32752380,-0.64417161,1.90888344,-0.56354531,1.08247255,-1.95191083,2.44121616,-0.01728509,0.91228203,1.23965850,-0.57336740,0.42488949,-0.27126002,-0.68356754,-1.53743761,-0.10137443,0.74666572,0.92918181,0.22941801,0.41440588
0.30972382,-0.73745619,-1.53691988,-0.56225483,-1.59951112,0.82438993,2.49148620,1.01185516,-0.28123794,0.01670651,1.15391967,-0.60091504,0.13293727,-2.16997443,-1.11655888,-0.56936801,0.63626670,-0.76764923,0.61847948,0.18316122,1.85935127,-1.07551463,-2.01921971,-2.43746446,-0.14856351,1.15115146,0.18532338,0.65846093,-0.04953610,0.23739885,-1.51158032,1.93237033,0.48242203,-1.31578305,-1.96361506,0.53306818,-0.10932322,-0.28318342,1.43374385,-0.56861724,-0.84984646,0.72444650,0.60589835,-1.29025848,0.78943311,1.96091374,-0.33553981,-0.60761219,-0.72724188,0.85140867,0.88841658,-1.11132331,1.13784437,1.27554928,0.29459941,-2.18567953,0.79237745,-1.62504142,0.73983072,1.01426911,0.95820810,-2.61537093,-0.72813083,0.74249847,-0.08214396,-1.52490187,-0.43817905,-0.00539166,-1.71208486,1.70558630,0.81118986,0.14936091,-0.73545568,-0.31296653,-0.65341621,-0.99122574,0.14896638,1.10332360,-0.19004880,-0.41226388,0.17862020,0.78168115,-0.52464040,-1.38109670,0.94547618,-1.36169108,0.53498763,-0.09595930,-0.89640688,1.38718144,0.99739306,0.57646764,0.44000084,0.47547010,-0.98357734,-0.56199371,-1.64100322,0.29228274,1.43310489,-0.38371130,0.23749259,-0.53275517,-0.47117984,-0.34008453,-1.46320566,1.13859826,-0.00502483,0.97158770,0.30234122,-0.80623571,-0.31691195,-1.58686520,0.78868708,0.13722477,-0.78518053,-1.50657021,-0.57640984,-1.10728842,0.13528253,-1.05277762,2.05229342,0.98530892,-0.37284012,-1.48623580,-0.11166138,-1.95961536,1.06070125,0.79129795,1.44864474,-0.55665451,0.80556435,1.38404095,-0.43566470,-0.73384183,1.34811319,0.14547643,0.42529788,-0.08803982,-1.24847347,1.10459722,-2.02938592,0.99797592,-0.27923847,-0.18763245,-0.53254079,0.52685044,0.40874502,1.61149849,-0.18407224,-0.18206111,-0.35379518,0.10393111,-0.44898053,1.15526638,1.37040014,-1.92238611,-1.28886072,-1.01878353,0.66161633,-0.89203853,0.55188939,1.37132997,0.77088544,-1.04481825,-1.19990446,-2.66806135,0.49001208,-1.25503898,0.04239436,0.23078819,-1.30977441,0.94339274,-1.03596667,-0.59415596,-1.18227571,0.04903965,-0.66464367,2.27005879,-0.64359406,0.18637382,-0.28031476,0.88665860,0.00390902,-1.46177132,0.19887593,0.43997492,-1.27913531,-1.04279375,-0.65560711,0.25715421,-0.35680927,-2.25224686,-0.76027550,1.13515593,0.63268111,0.65386319,-0.05606850,2.17299592,-0.06873078,-0.23131930
-0.47234618,-0.39868785,0.78228061,-2.08400006,-1.18521815,1.40077765,-0.77576354,-1.12758161,-0.16724841,-0.74829856,0.29287073,-1.19633183,1.49910118,-1.31093021,-0.08394659,0.05582082,0.24639198,-0.06060656,-0.00577935,-0.07000237,1.30568352,-0.12539876,0.96355320,-0.73226483,-0.00241879,-0.13017039,1.00047102,-0.58660189,-0.69172254,-0.15608041,-0.02120339,-2.10235058,-0.85848079,1.11017203,-0.25457377,-0.24162573,0.57024541,0.54053529,1.73927543,0.63124380,-0.44028460,0.05503659,0.77410433,0.96166889,-0.90262386,0.66978325,1.76713158,-0.17342086,0.01131026,-0.92546251,-1.06187402,0.01153448,0.78809237,-0.29874287,1.10565118,0.90780261,-0.36614702,0.73009382,-0.12934087,0.09294994,1.07385853,2.43868400,-1.39621537,-0.33033122,1.16026007,-0.24424110,-0.42936236,1.66768918,-0.06083647,0.78729807,-0.30933590,-1.55863763,-0.51110135,0.68376604,0.19298227,-0.79786110,2.06387160,0.11789538,-0.99536002,1.29951241,0.91660287,-0.55993429,0.65417443,0.79054713,0.46234131,0.12985439,-1.76807798,-0.32338061,-0.05291453,-0.58336284,-0.35624595,0.70150713,-0.49870288,-1.69617200,-0.62582848,-0.53558371,-0.16189134,-1.22676030,-0.31063811,-0.87686041,0.77954718,-0.19353883,0.54756854,0.27681193,-1.28457066,-0.04235953,1.66988435,-1.61085042,0.94784675,0.09864636,-1.51066417,0.57341619,1.00345440,-0.06099083,0.30716513,1.82239251,-0.60541775,1.82801534,1.64178831,-1.32529328,0.12354099,0.06693233,1.29341043,1.16907897,1.51015942,-1.61932334,1.37715571,0.56791650,-1.83867293,1.31308259,-1.10709218,0.77295886,-0.58608188,-0.20583963,0.44360400,-0.20969839,-1.45217274,0.30580285,-1.15251998,0.54435556,-1.25226982,0.13933354,0.36420790,2.01371735,-1.93759741,0.31616020,-1.26033622,0.47861291,-0.11224776,0.76918090,1.41618569,-0.33746400,-0.01337014,0.90414228,-0.52914114,0.40316430,0.83885894,-1.07618785,-1.52497254,0.17571291,0.87672626,-1.50496687,0.49109381,-0.36539271,-0.17160354,1.03165906,0.14050453,-0.85508476,-0.01225498,-0.23362223,-0.28114968,1.17933527,-0.65468788,-0.79311238,0.25045355,0.63891259,-0.13383744,-1.23155163,0.10874643,2.42425487,0.56631329,-1.66221994,-0.95164550,0.09350069,0.54182704,-0.69567356,2.16417293,0.53785253,0.33264387,1.25694685,0.24561893,-1.96546100,-0.39422271,-0.63928668,-0.33730644,0.11402863,0.69250705,-0.77376335,-0.76522576,-0.07763974
0.57567031,0.55103399,0.60029339,1.10955826,-0.36098526,1.12012863,0.33454425,0.15789629,1.80144447,-0.31874485,-0.76626563,1.46515089,-0.04485923,1.10529862,0.39847753,-1.75241892,0.28102296,0.62460921,-0.07254627,0.62335105,1.19217539,1.47153222,0.79197104,-0.84475710,0.12414444,-0.71390371,-0.46042279,-0.47568166,-0.05339896,0.22187957,2.08389331,0.24751502,1.78274604,-0.01348904,0.76797150,-0.35549170,0.03621203,-0.71664341,0.69274250,-0.77913399,-0.29742126,0.22033608,0.43498417,0.52490353,-0.47379046,-1.35932012,-2.25997567,-0.89348109,-0.65671530,-0.69299036,-0.84165372,0.46062037,-0.27490216,-0.13715309,-0.78628437,1.63177937,-0.27602574,-2.35115282,-0.77723356,-1.32837838,-1.40119720,0.46269288,2.38168641,-1.20898582,-0.41886745,-0.78532142,-2.16455142,1.14458119,-0.95050180,0.76412321,1.31948977,-0.12032467,-1.05430955,-2.75892752,0.65975542,2.14340551,-0.45087694,0.46510747,-0.38774402,-0.60673557,1.53655889,0.17115690,0.01356322,0.12852183,0.12378510,-1.61268658,-0.16990626,1.71879113,0.79527607,-0.56218619,0.19395027,1.26030760,0.33262315,2.49599456,0.33487250,0.24408513,-1.08147454,-1.67121059,1.02945150,-0.39555230,-0.76478197,0.56400151,-0.61392931,0.70563661,0.24107233,-0.62526455,0.25759597,-1.47649990,0.43963052,-0.51341046,-0.03690652,1.23406455,0.03109393,-0.65462104,0.98642912,-0.04555740,1.20328211,-0.74586233,-0.29784561,-0.98223530,-1.32182524,0.16335682,-0.62496724,-0.74171241,0.13622278,-1.05944943,-0.08097394,-0.52454818,1.83826585,-0.83607153,-1.35915789,-0.55349317,0.15473657,-0.87786128,-0.55452314,-1.27588916,-0.84727560,0.33949014,0.88678394,0.39700081,0.96295964,-0.07972690,0.64484280,0.40467185,-0.02128299,-2.43813256,-0.16571054,0.92235509,-0.80548915,1.81765869,0.82657947,1.51851769,1.76345327,-2.10067959,0.95731240,0.24787527,1.18257183,0.97851934,-0.57316443,-0.98444607,-0.99418635,0.16930810,-0.93171428,-0.95436316,-0.61260652,0.32647568,-0.80156950,1.04854636,-0.78157852,1.36748346,-1.02142600,-0.20091409,0.10255211,-0.96360938,-0.73463263,0.24688350,-0.46616160,-0.56726514,-0.41677209,0.18280222,-0.83941736,1.66342115,-1.88364560,0.03907051,-0.14878484,-0.35617557,-1.40137199,0.61989072,-1.67156383,0.52201212,-0.10274029,-0.53899424,-1.27838583,-0.72132032,-2.35131116,0.61717280,0.13809441,0.51254148,-1.20111987,-0.59641499
0.59513528,0.23390697,1.10063142,0.42473582,0.33724295,0.13893647,1.40594371,-0.47835342,-0.64491864,0.01315003,-0.03747600,-0.24361414,0.87940442,0.38726348,-0.50425497,2.15770143,-0.56928567,0.58898638,-0.85190996,-0.54062101,-0.35125845,1.85920579,0.10712785,0.18812150,-1.43877735,0.22784791,-1.03017184,-0.67619622,0.44399558,-0.47115912,1.51343987,1.29207109,0.18505065,0.07243496,-0.18096443,0.32381410,0.47004438,-0.25432621,-1.16422134,0.25672944,0.17687148,-0.67412218,-0.05440258,-0.81675931,0.60266303,0.15716736,0.18483591,0.72462382,2.19163414,0.03952924,0.58853002,1.08623652,-0.09334515,0.89742254,1.25460491,0.01241710,2.84176734,-1.74725002,-0.77271072,-1.16487535,1.14888668,0.27840653,-0.74882793,0.79876162,-0.29160014,2.63005682,-0.50409470,1.08908731,-1.00703203,0.53899860,-0.44990211,-1.30062997,-2.05002388,-0.28523703,0.98187064,0.03920588,-1.41615874,1.41062154,0.42475487,0.78222750,0.44711319,2.53691420,0.18052399,-0.80061539,1.07981962,-2.18286736,0.28831015,-0.37873645,1.28298121,0.04635227,-0.75524264,0.13916197,-1.30817112,1.84741402,-0.22989994,0.68894618,-0.62921685,0.43961811,-0.08364689,1.92655464,-1.47174154,-0.41330131,-0.50896683,-1.23105002,-0.12856560,0.85363698,-0.72775168,-0.01262911,0.45441160,0.54981041,-0.51797638,-2.41236170,-0.44699130,2.06947539,-0.93942432,-1.05212417,0.20369631,0.00713119,-0.68705040,-0.01558200,-0.16474485,0.37248439,0.44177972,-1.08296029,0.69570659,-0.22008853,-0.63842671,1.04504562,-0.02753424,-0.35996551,-0.26293597,0.52876442,0.18291773,0.67683162,-1.82634559,1.13038022,-0.08422948,0.55468886,1.39736065,1.36984745,-1.37307455,1.01511976,0.26471945,1.03152258,-1.57845862,-0.99076325,0.25672610,-0.89962780,-0.38677541,1.40977273,2.22997391,-0.18961843,0.95246663,0.17020940,0.93988481,0.53216190,-1.23877458,1.28943204,-0.85820600,-1.30079777,1.19818709,-0.33665008,0.84194745,0.54337225,-0.96298760,-1.60095528,1.75733730,0.69359531,1.46548037,-0.17973841,1.24375796,1.71256959,-0.24900450,-0.26864036,0.09303815,-0.03756184,-2.66002192,-0.95091283,0.28063936,0.29368069,0.25673134,-0.30142571,-2.03328710,0.12304320,0.21372709,-0.90753572,0.35269227,0.25635802,-0.54077643,-0.12367354,0.83702443,0.29308728,-0.93136716,1.56716074,1.16155073,-0.81676130,-0.71820971,-0.63337603,0.58563938,0.67808857
0.58903142,0.71235933,-1.28489558,-0.56093031,-1.91141663,0.83789152,1.01571740,1.09531344,-0.40008415,0.33435748,0.38632098,1.51666851,-1.91246873,0.74242037,-0.33823747,-0.35098180,0.63037704,0.43108258,-0.84970538,0.52213789,0.40460621,1.65025578,0.24922083,0.78415851,-1.48242003,-0.45454567,-0.97227384,-0.05093478,1.70745349,-1.72541838,-0.30900170,-0.04537921,-0.50581888,1.38715976,1.12077147,1.01242710,-0.30374029,-0.10540882,0.52376836,0.14297433,-0.81874800,0.74583067,-2.11036703,1.07282353,1.73128471,0.35930483,0.87658295,-0.02823928,-1.03740244,1.34953063,-0.87981073,2.21481947,-0.35353638,0.06348368,0.00644687,0.41024764,-0.57767576,-0.32823530,1.21236328,-1.43141426,-0.68239015,-0.88646272,-0.10656893,0.06733013,-0.20749491,0.29121585,0.95347956,0.79786394,-0.17014066,0.22867837,-0.87010259,1.32221932,0.18150552,-2.43940924,-0.34741231,-0.90698538,0.98815070,-0.59439878,-0.67769328,-0.50546814,-1.75602096,-1.46332544,0.53231570,-0.80002779,1.16833078,-1.04476766,0.06357077,-0.33568240,-1.14764771,0.14298027,-0.64827255,0.00722583,0.43592219,-0.88785240,2.46539650,-0.58655772,0.78748363,-0.07721864,0.09066656,0.17413252,-0.71494444,-0.04345221,0.02397674,0.16742370,-0.38202937,-0.03261417,-1.28164912,-0.28972562,-0.59469498,0.04305687,0.37495068,0.01211825,1.76348285,-1.35104738,1.18815022,0.49151701,0.00093400,-1.89135915,0.45365446,-0.37233622,0.23126071,-1.41369340,-0.58405055,-0.10644253,1.37620271,-0.42511864,-1.90758185,0.28273705,1.49525381,-0.29759820,-0.74611401,0.32244390,-1.40826859,0.14604341,-0.15487881,-0.25775075,-0.20776426,-0.67473402,-0.51617245,-0.74276440,0.26610537,0.06955885,-0.48604021,0.52448903,0.47307074,1.76234312,0.89911231,-0.01843230,-1.05040522,0.25516655,-1.18709247,0.65935716,-0.31364287,1.21769697,-1.08746551,-0.05153894,0.20612980,-0.62652704,1.39216680,2.82577050,1.03355728,-0.80864784,-1.09012750,-0.31066759,-0.16326285,-0.46034131,-1.33414116,0.51545221,-0.48994532,0.30328376,2.45299640,-1.87363434,-0.06810869,0.05722701,0.00442128,-0.06535903,0.23383606,-1.13919986,-0.01039987,-0.52093940,-1.08922121,-0.34620334,-1.84540722,-2.59892226,0.19822166,-0.48418025,0.20702877,0.75498708,1.35942026,0.69607204,0.68220139,-0.01121416,1.34476040,-0.83149240,-0.40797182,-1.33080389,0.35259862,-0.53788475,0.39344443,0.28651827
2.04253623,-0.91946118,0.11467003,-0.13742370,1.36552692,-0.26163835,-1.28624091,-1.65465749,0.03723274,1.27030130,-0.14327661,0.79525521,-0.07207248,-0.74242401,1.22565394,-2.20538811,-0.53063762,0.16821438,-0.96884614,0.30965402,0.94010787,-0.16339035,-0.32088231,-0.40343079,-0.66406672,-0.11628745,-0.41640449,-0.21062455,2.61180002,-0.81709612,0.22969345,0.13528638,2.01530947,-0.98359479,-0.03983988,-0.70998560,0.25190360,1.01005105,-0.74699474,-0.22713996,0.84246727,-0.00284533,0.05731927,-0.79115478,1.51150747,-0.42920391,-0.28149013,-0.29865051,0.97136288,1.16593415,-0.18450572,0.00658518,0.50654829,0.19578279,0.78521598,1.09925082,-0.63815879,-0.22581109,-0.05189087,-0.49103588,-2.24599002,-0.79851087,-0.80939372,0.24043134,0.43769578,0.30216343,0.27681203,-0.91231105,-1.46364373,0.80110999,-1.47759691,1.96028622,0.29199836,0.11490288,0.38929519,-0.46185024,0.72202096,-0.13337601,-0.83794517,0.44408397,2.72357349,-1.11582512,-0.22775445,1.33171299,-0.49214582,1.35904607,1.08477266,0.01561602,-0.17342825,0.94028404,-0.77746425,0.76089649,1.40175261,1.23165333,1.00115812,-0.97805157,0.67795602,-0.06946407,-1.05736103,-0.14012095,-1.43349522,-0.17908122,-0.12304264,0.53819538,1.06547809,-1.40132017,-1.32760373,-2.04631589,0.83853361,-0.68693105,-0.56201320,-0.04428831,-0.00473676,0.68418592,-2.16027088,-0.19735931,-1.23253267,1.69183964,0.53128779,0.35196884,2.17209210,-0.14620691,0.89619500,-1.46120125,0.20141199,2.27465601,0.49801084,-0.75185500,-0.97559604,-1.57386635,0.44363748,0.86105166,0.12710617,-0.81134665,0.24182054,-0.68674281,1.22073470,-0.41086903,-0.88276904,-0.54562849,0.38680014,-1.23049127,0.66702931,-0.27126113,0.08182017,-0.12996586,2.26405884,-0.16950537,0.84522543,2.45322899,0.42575230,1.84759586,0.09745475,0.79670664,-0.58870808,-1.11217893,-0.96877104,-0.02415511,0.28573841,-1.11690313,-1.37835633,-1.87672812,2.12670916,0.10759322,-2.14526817,-0.00909106,-0.15927084,-1.37717347,1.15931155,-0.45736246,0.04129326,-0.28431233,0.04638541,1.01753294,0.60567066,-0.45188683,1.57548816,1.54019309,-1.46320260,-1.11454949,-0.61116423,1.52508422,-0.18271320,-0.57192133,-0.03399370,-0.22414277,-0.15597866,-1.06963745,-0.79315875,-0.26716118,1.38157576,1.28916130,0.91568671,0.36332619,-2.61187558,1.78036736,1.11801218,-0.36931936,-0.64838337,0.18607203
0.04471005,-0.69267338,1.49398053,-0.65505341,0.24987121,-1.20425150,-0.25528929,1.08226616,0.04256965,-0.58691333,-1.94817614,-0.34099134,-0.35465364,0.73334593,1.32221886,-1.21857094,0.80169055,-0.96873625,1.14933783,-0.43679554,0.55727908,1.54882947,-1.70367018,0.14685858,1.57739465,0.77912164,2.16594136,-0.49624807,1.08521047,0.71844019,0.05058829,-1.01231956,0.22373236,1.93376010,1.24988081,0.48841608,-0.49391724,-1.40751252,-0.19902985,-0.90898711,-0.35590979,1.10262794,1.22524106,1.08717756,0.54415423,-0.52979635,0.43899802,-1.72670806,1.10404606,-1.09934292,1.33413655,-0.63354464,2.23311422,-0.26385797,-0.11569720,0.76240023,-1.34186612,0.21859976,-1.00528307,0.67685075,0.49975637,0.22433020,1.23618233,0.14349703,-2.19476646,-0.75321630,-0.95958156,0.66338589,-0.20235996,-0.64302906,-0.81345253,-0.34161743,0.42184006,0.88950668,0.03750630,-0.44287886,0.03925138,-1.21109962,-0.45792280,1.42861296,1.07220443,2.23646335,-0.73320186,2.60024269,-0.50685124,-0.65315241,0.29699761,0.49130365,0.19424043,-0.07757472,2.06182637,-1.19794351,-1.09654928,0.21283793,-0.09730597,0.05091345,2.31788152,1.67167912,0.64326773,-0.76586548,0.25510342,-1.74182902,-0.84884284,0.74974972,-0.93947426,-0.61405923,0.22421538,-2.93746374,0.21262907,0.31352128,0.56782596,1.68266020,-0.51628655,-0.20585482,-0.78594534,-0.62088479,-0.72230440,-0.71933720,-1.96086859,-1.14170846,0.79587666,-0.34018336,-0.49215018,-0.43496189,0.31379130,-1.32716404,0.91061989,-2.07948613,1.01778736,0.42667456,-2.05907986,0.08656649,0.39996873,-1.19417351,-0.06559649,-1.51673519,0.86787669,0.70403550,-0.01416301,-2.55133733,-0.05910462,-0.17826330,-0.67213112,-1.45773607,-0.84152738,-0.49242810,-0.10545913,0.65870654,0.62775940,0.20270578,-1.02861646,0.19985950,0.65717883,0.69047822,0.95895162,-2.32206721,-1.44315361,-0.39310554,0.78382692,0.84310795,-0.62749535,2.08020533,-1.86234975,-0.32518718,0.69185991,-0.46446719,-0.93891651,1.21233882,-0.13056054,0.21230901,1.20128792,-0.79943132,0.20286838,-0.41531517,-1.19837839,1.06813494,0.53898464,0.28461743,0.08254858,1.40620074,-2.58035925,-0.28799758,-1.45415099,0.24241493,1.22379834,-0.85122832,1.52658725,0.36945099,0.78173627,0.80758623,0.39524281,-0.93628849,-0.72471971,-0.03280133,-0.47161325,0.56376868,-2.26792732,0.34265399,-0.09796724,-0.24024461
-0.09630367,-2.19438644,0.69427617,0.02912140,2.45303545,0.71879318,0.21339129,-1.08745619,-0.88734187,-0.94030479,1.92211872,-0.82669720,-1.52236385,0.92202412,0.87296296,-0.10054993,0.94045536,0.27493816,-1.27352206,2.10699668,-2.21495721,-0.34228806,1.46683045,1.97029089,-0.92509253,-0.00607141,-0.98829185,1.48877026,0.28041089,-0.34891086,0.55425257,-1.54224124,-1.25753055,0.27150237,1.29022852,-0.24654064,0.34247919,-1.03043283,1.76494222,0.84755952,1.33467880,1.67473326,-0.23688098,-0.35570146,-2.03249664,-0.44283495,0.67144387,1.08436128,0.27646853,-0.11554811,0.98837309,0.41129399,-0.62700674,-0.14605626,0.27293079,-1.09894346,-2.75726383,0.75613584,-0.98276832,0.91084893,0.66041353,-0.12893244,1.82801237,0.67596097,-0.35195553,1.62152615,-1.08826579,-2.52713640,-0.35713305,0.94797656,0.43688203,-0.27172852,0.69936638,-0.77802215,-1.18636873,-0.55837049,-0.73597659,-1.02519013,-0.16389042,1.25104553,-0.31725428,-0.92094132,-0.53782377,-0.22435703,0.55734348,0.77883728,1.76656561,-0.56481179,0.50735689,-0.18775845,-1.00309024,0.00201682,-2.20906377,-0.39197112,-0.08929349,-0.27680754,-0.73829219,0.47816869,-0.52712308,-0.85651631,-0.01148862,-0.34096809,0.92203695,0.45482392,1.11051038,-0.85404589,-0.53423809,-0.15872359,0.37865764,1.62256385,-2.40551188,-0.96672715,0.70577078,0.21687714,-1.85390669,-1.31208917,-1.16532044,-0.53744551,-0.49514443,0.61060927,1.46506992,0.28334535,0.00341003,-0.46016050,-0.70774540,-0.16198915,-0.37107347,1.21910707,1.48064185,-1.08687078,-2.06487068,-0.91242757,-1.98928643,0.89514632,0.81096616,0.79637104,0.76263730,0.66990285,1.30999418,0.17792735,0.39801033,-0.22236300,0.74202929,-2.40576068,0.74253985,0.77398117,1.80701017,-1.38466613,0.18800146,-0.19095134,-1.51740379,1.24433710,0.44248220,0.74848184,-1.83595738,-1.09615362,-0.52011598,-0.47737205,-2.12138944,-0.79155354,-0.16877135,-0.38991192,0.28959789,-0.35112153,-1.34878132,-0.09302395,0.36965721,-0.39278565,0.15125558,2.94498431,1.62881792,-0.34641857,-1.01876611,0.13466202,-0.14070555,-0.26097698,0.81704876,0.07375385,0.59821301,0.14966030,2.72008521,-1.61378390,1.52300549,-2.38501623,0.91671091,-1.08469865,0.18354285,1.84879949,0.39894712,0.89196332,1.23150068,-0.02341413,-0.74820235,0.14879527,0.43814816,0.38365420,1.54913556,-0.72658351,0.97519586,-1.28478751
2.10418540,0.22725706,-1.12916630,-0.28133197,-0.73941670,-2.58432111,-1.17664763,0.97120144,-1.24002225,0.67857117,0.78060167,0.93101016,0.23080284,-0.95218681,-1.05693791,0.01010448,1.29081110,0.84343517,-1.03141287,-1.38171995,-0.05707179,0.40980275,0.72285238,-0.16194162,-0.11279549,-1.36053770,1.69598456,-0.10191523,1.08574569,-0.19306234,0.51303586,0.20266679,0.78186016,-0.59559749,0.19390726,-0.24611808,-0.29529111,1.10249215,0.44191074,-1.17851670,-0.13403708,-0.37585175,0.11655549,-1.13698339,0.97229507,0.16995088,-1.14976215,-0.55776474,2.43255580,2.03006349,0.31721805,1.04205496,1.39700271,-1.38603174,0.67564933,-0.20880225,0.04161233,-0.36479258,-1.38266225,0.03271420,-1.73004490,-0.61203654,1.16586709,0.78487822,-0.53338435,1.37019261,-0.60639920,-0.90867369,2.28488533,0.68830583,0.66239673,0.88889645,0.54437386,-0.72652072,-0.68694679,0.33590936,0.48849534,0.92152064,-0.10963350,1.84796709,-1.32515352,1.93013598,1.40329011,0.32690954,0.30691210,-0.24513676,-0.81698127,-0.44969331,0.40650419,2.24069309,0.88544161,-1.44014889,-0.99773048,0.94043149,0.02768013,-1.02972439,-0.95919465,-1.19104703,1.75551536,-0.04579424,-0.01537701,-0.34240439,-0.60246217,-1.50761042,0.31682597,1.29897050,-0.34378530,0.36006077,1.14742632,0.82765957,-0.79486262,-0.32148592,0.14994678,1.69150595,1.24428829,-0.11172304,-1.88660004,-0.06527658,-0.84841176,0.91579329,-0.88101590,-0.67668927,0.07175401,-0.09436622,-0.88101513,1.51392488,-1.06527902,-3.06920683,-1.72335448,0.21453915,-0.07616856,-1.65249333,-1.85910821,0.00644466,1.44351991,0.43878933,-0.82951378,0.44562728,-0.82976453,-2.28461643,0.30671423,0.23849758,0.93134410,0.73829428,-0.02738355,0.76485017,-0.83172709,-1.41085719,-1.79827880,-0.69815882,0.60690195,0.85018702,-0.85090148,0.43836698,0.62484641,0.87394506,0.38068684,-0.96345099,-0.10533135,-1.05048442,-1.21731881,1.47101079,0.66705835,0.02573859,-0.92113999,-0.53742461,-0.03704554,0.90160050,0.62429566,-0.00501487,0.83834923,-0.65656972,1.82860834,0.57890192,-2.31778308,-0.58585365,-0.34037741,1.72119403,-0.04036453,-0.00057203,0.98372510,1.17046050,-2.05505638,0.59907499,-1.30581048,-0.10333301,-0.33169018,0.90404532,2.95639877,-1.58475904,0.49709635,1.26566364,-0.18202344,-0.63790393,1.76420178,-0.35352155,-0.39046468,0.08192365,-0.49604518,0.64010047
-1.15328039,-0.72061525,-0.40248600,0.74265900,0.66943995,1.43478434,-0.30656274,0.36791064,1.26815429,0.06545271,0.83456879,-1.11565140,0.84765767,0.23857126,-0.46358762,-1.14575441,-0.01875084,0.53871606,0.25486799,-0.09157716,1.06847892,1.08521347,-0.83940841,-0.18096973,-0.39243068,0.14509379,-0.05870846,0.68647008,-1.04176790,0.29634077,2.95079569,-1.92506814,-0.14335709,-1.18637357,0.18666557,0.95946345,0.31744822,1.45334317,0.56706381,1.30954892,0.13329972,-0.96629007,0.35976515,0.16027821,0.20717357,0.84963708,-0.72097064,0.11893598,-0.75449266,0.87432169,-0.66816839,0.33833954,-1.18913117,-0.02072409,0.36009689,1.08238834,0.43908547,0.66731561,-0.19295472,-0.04514191,-0.45759709,0.26870208,0.54141308,0.56036625,0.46342313,1.29780636,-0.23090957,1.71217703,0.24842765,-0.73868304,0.33043167,-0.05780576,-0.03058279,0.94129346,-0.59848223,-0.98035502,0.20702079,-0.65502192,0.13201748,0.79002188,-1.36890396,0.93804840,0.48473135,0.24333969,-1.43070520,-1.06728220,-0.75708814,-0.47501053,0.08076917,1.29568115,0.53008293,-0.42463482,-0.60074657,1.37698715,0.41401096,1.02776150,-0.82486138,0.25711075,-0.70968999,-0.15200266,-0.62289043,-0.14009814,-0.19430597,-1.36811642,-1.16399256,0.43082370,0.13390694,-0.81167100,-0.52827854,0.46280063,1.31323689,0.83317528,-0.20189230,0.09331082,-1.00997244,0.41705272,0.43320809,-0.20006315,-0.48192480,0.05267559,0.59043215,0.41948769,1.43805387,-0.20916701,0.14054925,0.84554614,-0.15768624,0.79140529,0.56031173,0.62259661,-0.64951209,1.60577354,-1.45651558,-0.15924671,0.94527359,-1.15093242,1.18623417,-0.92320088,-1.48682306,1.28870686,-0.50398005,-0.92935709,1.41141642,-1.30480235,-0.52596073,0.14749257,-0.63886271,-0.45446033,1.60068183,1.89810774,1.29522272,-0.67705087,-0.03431325,0.04244077,0.05936654,0.11252829,0.17215304,0.23237429,1.00713912,1.16188439,2.07381059,-1.55173685,0.57929256,-1.53013677,-0.94125538,1.54776623,-0.15888667,-0.51412469,-0.16075779,0.58857553,0.74995215,-1.08197772,0.28675811,-0.84262619,-0.44664349,-0.71660180,1.51518947,-0.36305464,-1.29523786,0.22331306,0.70229582,1.29979917,-0.21858860,-0.35593141,0.93240978,-1.17297157,0.86989907,0.35153127,0.53473946,0.58433753,-0.90444969,0.20441831,-1.12936117,1.07263009,-0.58228843,1.23781790,0.28936777,-1.00458367,-1.03253236,-0.90107179
-0.51487816,0.41785424,-2.04883276,-0.98974439,-0.33829419,1.50382650,-0.25820895,-0.15459564,-1.65582703,-0.09355459,-1.09008101,0.77800818,2.16895392,0.58748215,-1.10144422,0.64762208,-0.86460588,-0.31915400,0.13791101,1.24732578,0.10516138,0.59865774,0.06652347,0.61859157,-0.10275154,1.22818029,-1.43392008,-0.76138636,-1.11290819,-0.69329078,-0.97928484,0.49438341,-0.65100175,-0.03641300,-0.53506597,-0.75693055,0.10019489,-1.30825097,-1.08911429,-1.66401892,-0.70027988,-0.07592740,1.15990986,-0.83650393,1.58210441,-0.12717983,0.43365614,0.16940849,0.57246484,1.82989323,1.41865106,-0.97762778,-0.41956682,0.42971434,-1.06332786,0.39118235,-0.07478594,-0.99936077,0.34440300,0.97368115,-0.94308677,1.60259520,0.23761577,-0.12819568,0.39232256,-2.59289399,0.77529146,0.26491677,-0.45675722,0.33715498,0.40493378,-1.06094765,0.09369400,-1.59229254,1.81380624,-0.10345770,-0.30524108,-1.40470800,-0.36575023,-0.09727457,0.27513650,-1.55888927,-0.36878758,0.74656465,0.32795365,0.15009696,0.67127790,-0.39802135,-0.80010513,-0.55378886,0.71331172,0.89069486,0.00450226,-0.98539617,-0.17827892,0.92381315,0.71454408,-1.02125401,0.23229897,-0.15491655,-0.39999339,-2.65838713,-1.00342896,1.38928379,-0.07135175,0.13888810,-0.09676226,0.40311530,0.62814920,0.56799726,1.18198079,0.45870585,1.70377549,1.51062759,0.01881479,-1.21321363,-1.15953989,-0.99604409,0.18201431,-1.25819671,-0.01090627,1.22037557,0.62007980,-0.20339962,-0.05977961,-1.11216507,0.36987987,0.24298832,-1.45568670,0.20459577,0.23629757,-0.20865627,-0.81860101,-0.27206545,-0.54585452,-1.29139031,1.24129214,1.49533582,-0.22142816,0.50889711,-1.54773598,-0.73410912,-0.06178478,-0.91670016,1.74829439,0.61135795,0.12447158,-1.76546955,-0.81315574,-0.22667215,-0.24331645,-0.95866183,-0.35982573,-0.17867021,-1.85495959,0.48282022,-0.23741482,-0.22348495,-0.79281180,-0.00880036,-0.11383860,-1.16130336,0.55797464,-1.19641498,1.27610227,-0.54285067,-0.76760823,-2.03802152,-0.83741809,1.80769274,0.67255150,-0.41438219,0.01905879,0.62541709,-0.28203254,0.87487673,-0.51630238,-1.08986551,0.12757382,-0.13952692,-1.55751233,0.42491182,-0.16077399,1.31523921,-0.76622817,-0.14193695,-1.14427372,0.54194035,-0.06036524,0.01158017,-0.42602499,-0.86933353,0.33210548,-0.22323012,0.18591801,0.07555991,0.48125613,0.08055409,-0.18817845,-1.31119247
-0.08872441,1.51277011,0.57370817,-0.54100398,0.10117749,0.99455198,0.01871303,0.25567151,-0.71117723,1.10384193,0.74987602,-0.69017772,-0.61611434,-0.87548076,1.38339886,-1.46425946,-1.29057431,-1.13698783,-1.81633658,-2.05930730,-1.57734952,-0.18091036,2.63300246,-0.87385349,0.46264922,0.57171978,-0.57685491,-0.37812788,-0.18744322,0.19671992,0.36215321,-1.78785412,1.12328439,2.23148398,-0.25920343,0.41970428,0.36472003,-0.49828831,0.85337043,0.66986502,1.45749150,0.18671911,3.00605155,0.07114271,-0.21549664,0.02932343,-0.08898641,0.12439368,0.06453274,-0.22949441,-1.04877719,0.16953844,-0.48238711,-0.28305052,-1.24729764,0.12831441,0.44788578,-0.69754398,0.16548806,-0.33628328,-0.16572654,-0.67483784,-0.66071675,-1.28574408,0.22045910,-1.45017740,-0.03364933,0.81936879,-0.77735502,1.29709616,-0.52985933,-0.28725180,-0.08633147,0.33391877,0.30050961,0.93799194,-0.46721407,1.94844141,-0.30874494,-2.02725618,0.23022808,0.14882076,3.29269432,-0.50237471,0.93683079,0.42237871,-1.21461529,-0.36335350,-1.01637544,0.81615458,-2.64206483,-0.99959002,-0.68429664,-1.37862011,-0.11666230,-0.50092720,1.30492731,-1.17006062,0.42733698,-0.48687661,-0.93996814,0.19367133,-0.13046652,1.63641079,-1.24731689,0.45554801,0.78748732,1.05487879,1.40289529,-0.34031538,-0.76624284,0.79106081,-0.56808415,-1.68643778,1.79510666,-0.51707579,1.38535790,-0.48756072,0.95382544,-0.41273840,1.25456602,0.98113578,2.56520388,0.48550139,-1.63196277,-1.98275764,0.71962508,0.33067737,-0.38798715,1.61436781,-1.76289054,-0.29923682,-0.28160533,-0.49133356,0.10621099,0.61104399,0.44822906,0.81105071,-0.05049253,-1.03178552,0.58233496,0.84449856,-0.38494138,-1.35508294,0.63068752,0.31711121,0.00954002,0.85683030,1.80198577,-0.99523943,3.21184747,-0.16610125,1.77663650,-0.33408931,-0.22853356,-0.08109185,-1.72715697,0.44346002,-0.70475925,0.53249185,0.45884148,0.60690886,-1.11687857,-0.42052903,-0.40822366,0.91591506,0.01978267,-0.96595489,-0.00313867,-1.10927635,1.19939699,-0.91693336,-0.32509792,-0.65545969,1.04030125,-0.84684150,-0.02011006,1.04832283,1.38478419,0.28767344,0.35424543,0.49861330,-0.24321145,-0.13726098,0.52346526,-1.26560411,0.48067421,3.00312330,-0.15127213,-0.72439525,0.03878975,-0.11981861,0.82084860,-1.00749719,-0.66779292,0.04830327,0.17503794,0.20831591,-1.91905963,0.97665108
1.89131806,0.42734385,-1.32859472,-0.14693432,-1.35627262,-0.36696288,0.19195827,1.38299246,-1.06481142,-0.27085037,2.76102634,0.60044900,1.31116560,0.97660310,-0.11866021,-0.44489003,-1.09786991,-0.42635034,-0.27402430,-0.10686697,1.08831526,-2.98137201,-1.15459602,-0.03482027,0.26519861,-0.40331181,-0.84107768,1.03097009,0.40360428,0.16456984,-0.49907918,0.82705341,-3.12620148,0.27448201,0.81013308,0.75816099,-0.71812720,-1.38087086,-0.50766000,0.08387788,-0.88533916,0.61232822,-0.16261379,0.26774606,-1.41265222,-0.44424110,-1.26250162,1.50329567,0.61102390,-0.46339148,-0.26134383,1.87075751,0.67620518,-0.38881084,-1.04069561,-2.42453721,0.45524000,-0.41991171,2.00874948,0.63893072,-0.31466559,-0.05315069,-0.10813086,-0.89423685,-0.27200233,1.17441616,-0.51521110,-1.50520911,-1.39726248,-0.05116028,-0.04123933,-0.23544136,-1.27567694,0.17745019,-0.19884866,0.86981957,0.41506234,-1.18678942,-1.26662066,1.58655221,0.06109867,-0.17709481,-0.58543200,-0.43853479,0.01759621,1.33146249,1.58407550,-0.32366376,2.34112166,-0.61355701,0.92492372,-0.22378146,0.89112088,0.14515604,0.24481530,0.37761266,2.02969903,0.63240765,0.35894322,0.44968757,-0.30584564,1.10940854,0.48728053,-0.30385081,-1.45731722,-0.92052367,0.68266515,-0.35547292,0.39273891,-0.38107626,-1.70638214,-0.16025546,-1.61697062,0.61626330,2.40658659,0.31520241,1.26078958,0.33100328,-1.30022103,0.55277355,-0.76456016,-1.60307611,0.28260444,0.18842560,-1.10525461,-0.02562521,-1.46177025,2.30693117,0.10141081,-0.58878045,-0.04822893,0.76049270,0.71260616,-1.12888331,0.38876230,-0.21758285,1.49240324,-0.12038892,-0.40085074,-0.49988653,-0.90926810,-1.43484527,-1.24640623,0.49058325,-0.45848775,-1.76244223,-1.28487568,0.18692345,1.66806235,1.48573354,-1.30928205,-0.40013759,-0.69026159,-0.28518422,0.56116980,-0.22244848,0.10259033,-1.36324705,-0.55050316,0.94185703,0.41671265,1.55880515,-0.46242799,-0.35205484,0.69237264,-1.34595918,-1.39677810,-1.25230693,1.19299494,-0.85784635,0.24598041,1.18489362,-1.66761714,0.32190238,0.14258844,0.88780266,1.38439161,-2.06353063,0.41813114,-1.67800230,2.86560165,-0.67551495,-1.21397464,-1.72354356,-0.01155904,-1.28344586,0.66091517,-0.11570405,0.30071071,-0.96186739,0.67884210,0.41066479,0.76916308,-1.86034920,-0.26026831,-0.65548101,0.81512908,-1.10447736,-0.02584448,-0.68469474
0.74302884,0.09277353,-1.81083279,1.46423547,2.10973696,0.51130249,0.92147034,-0.79611163,0.15578429,1.62649053,1.68397466,-0.10177773,-0.02700027,-0.55609739,-0.33494198,0.43056447,-0.31485170,0.53233330,0.48086358,0.63667007,1.19087315,1.21837736,-0.08717709,0.13317063,0.05326417,-1.29447951,-0.62709572,1.03320864,0.84115850,-1.11882113,0.91063537,2.46349404,1.30547642,-0.50784910,0.64016546,-2.09490268,-1.53590044,-2.13293957,-1.22141893,-0.05109373,-0.62695377,0.90853768,-1.77013883,0.12711236,0.20253578,0.21938673,-0.14195275,0.47125872,-1.12163202,0.23489010,0.26607134,0.12212131,-0.03395885,-0.41191234,0.23960800,0.44503936,0.14561379,0.17837657,-0.87956273,0.08291785,0.22207093,-0.25986038,1.29709239,-1.65074567,0.61150970,-0.32531507,0.11170311,0.74792694,0.45717460,0.10076178,1.43835363,-1.40018895,-1.95472039,-0.75885655,0.11942623,0.73641013,-0.66587150,-0.05211112,0.14201484,-1.20082381,-0.01412879,0.17228178,1.01850246,0.36255530,-0.21928109,0.68534119,1.01096578,0.07203897,-0.53177173,-0.26048915,-0.21743060,0.98609233,0.31997435,-0.03932190,1.51422095,-1.87341290,-0.85630588,0.73942010,0.92199839,-0.88909369,-0.54663152,0.56076498,0.81728064,-0.23465592,1.43558917,-0.54682008,0.12476384,-0.62827523,-0.25124987,0.04055947,0.49668862,0.71926449,-0.51218076,0.27868323,2.32771545,1.73246413,-0.13550564,0.94070294,1.77850626,2.06515093,1.17498839,0.06446539,0.33452309,-0.27593472,-0.90386939,0.07379354,1.71452041,-0.00494645,-0.45808030,0.89393175,-1.56095892,1.19976071,-1.35711167,0.21477518,0.60415032,-0.48270287,0.42631307,0.35805394,2.09560070,-0.27934218,-1.62195909,-0.27029894,1.00258809,0.70117570,0.17225113,-0.17738506,0.77909950,0.86360007,-1.00490104,0.63232345,-0.76381983,0.30792253,-0.32880141,0.39463008,0.87848938,-0.13066567,3.09497951,-1.41465771,0.33313732,1.15191156,-0.12836074,-0.69414281,0.11471156,-0.02743924,-1.72938750,2.33127704,1.65425438,-1.76322931,-1.94155244,-1.19073827,-0.00484935,0.42224190,0.03419766,1.52131520,-0.17660540,0.22439965,0.72826294,0.11593220,-1.41548749,0.31656831,0.87832224,-1.15610287,0.55726489,1.50041600,-0.85116294,-0.59394933,-1.19363015,0.68198074,-0.03133472,-0.02864709,0.88889903,1.00187413,-0.14252518,0.25568235,0.76522501,0.16313209,-0.24986346,-1.50085296,-2.92733372,0.66073992
0.13274779,0.59372392,0.11254631,-1.64375368,1.53414867,2.12857508,-1.07961579,-0.28799796,-2.29147181,-0.82445175,0.40661450,0.61471687,-0.51931490,-0.73256795,0.46116531,-0.42680312,-1.18434623,-0.10971356,-1.16628608,1.33286199,-1.49282498,-0.23822984,-1.27114134,-1.06963533,0.69761643,0.39254103,1.24392582,-0.35672333,1.26309448,0.09822977,-0.57870297,-1.29565356,0.81889616,0.46467658,1.20623032,-0.07551450,0.22339405,0.02196762,-0.22623759,0.80055264,0.25833416,0.01341679,-0.95663581,0.61078010,-0.32828770,-0.53264137,0.35803342,1.67141696,1.42307301,-0.56634846,-0.72582032,0.56347552,-0.43563209,-0.10455255,-2.32127283,-0.21409437,0.54340543,-0.53745410,-0.38027534,0.26547293,-0.14543174,0.39007476,-0.14292637,-0.01411805,-0.54129233,0.91534002,0.76811136,0.10163480,0.80944210,0.00045564,-0.22671735,1.28171733,-0.07349940,1.06963457,0.79201522,0.33970758,0.63351316,-0.31268990,0.36568245,0.32276597,-0.13397403,0.30253705,-1.66066143,0.18127395,-0.31535033,-1.00736645,-0.74842388,-1.71668243,-0.15720544,0.86189498,-0.99560874,-1.15821695,1.31762953,-1.62330006,0.17989525,0.68585890,0.06029686,-0.60388021,1.04891376,-2.25716782,-0.05843377,-0.11388609,0.08555508,-0.76887443,-1.25413273,-1.49029101,0.12949539,0.09268316,-0.51881837,-0.78472602,-1.00429289,-0.07074956,-1.53699731,-0.88115275,-0.90419757,0.70402685,1.19906028,1.83767085,1.32683358,-0.17281392,-0.12505184,-1.52619138,-1.81035217,0.39754008,1.74940884,1.72387824,-1.32819827,0.19083180,-0.85504792,0.14361984,-0.33082967,0.13471032,-0.59819425,-0.90361563,0.84485094,-0.59842614,-0.39716271,-0.19786197,-1.25654146,-0.43851750,-0.67255331,-0.56391728,0.04603699,-1.90700442,0.45883943,-0.49615345,0.53286822,0.27588058,1.06659743,-0.18970820,-1.07258395,0.93636613,1.10847207,-0.36096836,-0.60441983,0.73081245,-0.28956600,0.92146723,1.19367050,0.14202084,0.99030381,1.02485464,0.78198297,-1.51558516,-0.12047321,-0.26460345,-0.47815593,-1.25780175,-0.88796203,0.88340359,0.36809977,-0.34555249,-0.10835298,0.83626361,-0.81186294,-0.83765843,1.31528753,-0.36452347,1.99357067,1.58487845,-2.10466261,-2.55311828,-1.24266628,0.20198665,-0.30533176,-1.19558678,-1.57790317,0.84991223,0.32759014,-0.00166959,-0.03556343,-0.48925155,1.93049822,-0.26264472,0.82593230,-0.64326701,-0.82898109,-0.20273458,-0.25786648,0.07081452
0.99784476,0.26008072,0.92506562,1.47607585,-1.87925228,-0.78252854,-1.40220506,-1.45528580,-1.15233541,0.09654855,0.29228025,0.88672145,0.11322062,-0.02948165,0.27825583,0.97043305,-1.43126282,-1.40223477,-0.19462469,-0.53549715,0.60427671,-1.41571175,-0.97231729,1.03128299,1.45387448,0.23370752,1.30802398,0.76176881,0.59216620,-1.23616300,-0.90840815,-0.76321865,-0.80203835,-1.37642098,-1.55023271,-0.16639343,0.75988955,-0.28754632,-0.34083531,-0.43806750,0.14241375,-0.29951677,-2.10052547,2.40571546,0.33821802,0.36324148,0.31330473,0.42435643,0.18280267,0.40435568,2.54233460,-0.37914342,-0.14957443,-0.83470000,-0.77427413,1.21496474,0.76061672,0.31710773,-0.16721898,0.12304653,-0.53400568,-0.06232819,0.49937952,-0.61126153,0.22797784,-1.26329584,-1.07730211,0.36074454,-0.25766240,0.78184729,-0.47635460,1.30544541,0.68431203,0.45276950,-2.44720171,0.63615156,-0.59228110,-0.14074410,-1.11864943,-0.27124207,0.33532167,0.90428137,-2.18901229,-0.39023930,-1.21585737,-1.46808785,-0.27480489,0.87504641,-1.00834062,-0.46478497,-0.18659846,-2.08894644,-0.56008710,-1.34868152,-0.36417020,1.17939799,0.19971877,1.68653430,-1.07523031,0.58115721,0.30237307,-0.59494539,1.38342985,0.32608927,-1.50452576,-0.61186406,0.19867649,1.09460945,0.98279511,-0.06806019,-1.04572659,-1.74698457,-0.59587721,-0.39350996,0.78198528,0.13157879,1.33656951,1.21374414,0.43298399,0.77548961,1.20319982,-0.49210714,3.01966960,0.60245593,0.22773099,0.52691260,-0.15164553,-0.25888477,-0.52453413,0.27171282,-0.88748700,-0.89646401,-0.19686664,0.09119762,-0.88730357,-1.86818218,-0.07609815,-0.78059686,0.48024426,0.03203650,-0.70670721,-0.46315498,-1.17354375,0.54452394,-1.30170997,0.36997628,-0.08500211,-0.72370226,-0.74645927,0.25095570,-2.12469053,1.67237026,-0.71698790,-0.53482710,0.35759561,-0.23953885,1.99232586,0.19820478,-1.46302723,-0.50532909,0.86505187,-1.30657958,-0.65281548,1.70140029,0.22019840,-1.61760356,-0.58581630,0.34617477,1.79251760,-0.86586573,0.01942351,-0.24727896,-0.98301576,-1.24601703,-1.40118855,-2.34038639,-0.78925005,-0.18787787,-0.02410798,-1.23743623,0.44449307,1.44649568,-0.62807382,0.06676373,0.68591575,1.85270697,1.58169123,0.09438784,-0.66679553,0.66604485,0.53203877,-1.05080780,-0.52891854,-1.97899379,-0.09365060,-0.55370816,0.15776195,0.37143645,0.45364068,1.13621370
0.41275579,0.07460682,1.47292660,-0.05218946,-0.33340147,-0.22497296,-0.51792902,-1.04663480,0.98486584,-0.09944376,1.74186888,1.13134721,1.56306699,-1.06020760,1.66693051,-1.47897996,-1.90577049,0.35527316,-0.74472440,0.13067593,0.92873685,-0.10925405,0.35793072,0.06205446,0.93412944,-1.32174125,-0.18878469,0.54500257,1.19461334,0.11554798,-0.01566815,0.08181869,0.31281742,-0.51757970,-0.94933090,-0.50091931,0.35819479,-0.69166477,0.70860758,1.21166227,-0.58397088,-0.10232687,-0.40316130,-0.07756975,-0.11162592,0.55712275,0.65362201,0.11751539,-1.22659548,0.28458859,-0.33419418,-0.90347288,0.38160675,-0.05207958,1.35902965,0.24019777,-0.51034037,1.40398884,1.00990110,-0.46820472,-0.19031489,0.22757112,0.32967080,1.31393480,0.35452470,1.67568179,-0.45989552,0.09686959,0.90120831,-0.61293294,0.56075874,1.75705647,0.68497965,-0.18687822,-0.41029736,-1.44437396,-0.05225850,2.24501982,0.17986164,0.75486253,1.18560462,0.28433686,-0.41074065,0.43643451,1.25908979,-0.30642534,0.70478621,0.48058505,-0.17256812,-1.05638804,1.02083982,0.92677530,0.18917555,-0.38220206,-1.48174596,1.23795302,-1.57624773,-0.88210619,1.72327161,-0.56548130,-0.06602650,-1.16818509,-0.66284583,0.77224858,0.26072284,2.20229798,-0.76881654,0.00337352,-0.11732617,-0.91368497,0.32675306,-0.14410422,-1.22241634,0.88348436,-0.65884389,-0.22480451,-0.81358638,-1.12372108,-1.06553379,0.46191016,-0.75039321,0.34773695,0.26557101,0.82783390,-1.28698126,0.31882566,-0.85625817,0.78139478,0.61545571,0.65757085,0.17970376,-2.27837936,-1.39948628,0.76372163,-0.60223805,1.05734601,-1.24171272,0.84443385,0.41909753,0.54084905,0.14268508,-0.99317772,-0.37947070,0.59539724,-0.89113919,1.25490085,1.07094062,1.36811799,0.75404204,-1.36178983,0.21488985,0.76666966,-0.57214670,-0.93260421,-1.34631888,-1.05835404,0.30821962,0.12630589,1.47465493,0.01986564,-0.15334034,0.54272502,-0.89824306,1.07283417,0.92120077,-1.04598267,0.23988481,-0.23998724,0.20152656,1.09537374,-0.76414572,-1.05908142,0.97097723,-2.72454876,0.02634288,0.03113565,-0.17870933,0.41949931,-0.86838853,0.47470609,-0.49769263,-0.61318056,-0.89930815,-0.69513726,0.25485799,2.46278162,1.28802259,1.36635109,-2.08414007,1.05454024,-0.65844609,0.70167073,-1.48420989,0.70183422,-0.73670261,-1.13536831,0.80342661,1.94713835,0.28181521,0.61634671
1.69010898,-1.75968319,-0.09402871,-1.53562383,-0.48206398,-0.28139722,1.91294137,0.17896989,0.26983891,-0.47562830,-0.05824428,0.61040267,-0.15376515,-0.30715768,0.00314203,-1.18252385,-1.84462227,-1.31699159,0.14793401,-0.65396908,-0.36608459,-0.57725850,-0.58507018,-0.29241680,-1.84853034,-0.14893382,-0.75127222,-0.71530099,1.07784157,0.62317373,-1.69683789,-0.85169901,-0.92252543,0.92332410,-0.39500443,0.70993540,-0.04293418,-0.64963958,-0.31853751,-1.87209087,0.07212714,0.29120574,-0.27834830,0.60495498,0.67060927,0.72839766,1.33592899,-0.87275037,-0.18204794,-0.27664886,0.53854869,-1.24219101,-0.64893370,-0.89416963,0.10146793,-0.05209935,-0.61060414,-2.97974563,-0.68923746,-2.20691868,-0.43278960,-0.67747982,0.16625482,-0.13744442,-0.77662887,0.40237968,-1.83846145,-0.73377694,-2.01048001,-0.86892250,-0.04952653,-1.34423287,0.06023388,-1.76883460,-0.84030450,-1.01153027,1.90353040,-1.28439775,-0.48988924,0.75817218,1.14721577,-1.36885496,0.60808086,-0.53009481,-0.60945488,1.06241246,-0.04014982,-0.27642107,1.57755935,0.26368204,1.26704117,1.18474810,0.60048081,0.66276058,-0.96312139,-0.06518357,0.39653689,1.22472978,-1.59666174,-0.91615208,2.05689385,0.18041971,-0.06670925,-0.02835398,0.48480475,0.81730124,0.89530576,-0.76251627,1.43759436,1.19743601,-0.66487834,0.49113314,0.43617873,2.48362548,1.25087499,-0.86522472,-1.15238288,-2.53176467,0.67680113,-0.82354943,-0.00165486,-0.29265803,-1.71333565,0.27751287,-0.46841207,-1.02123739,0.31110777,-0.55437140,-0.52770508,0.09343402,0.05536379,0.18396008,1.07443557,-0.80889027,0.01770896,-1.05537542,0.05372553,0.89200473,-0.14368301,0.54288648,2.61518069,0.90892211,-0.67010744,0.14629898,-0.41775009,-0.30717456,0.27031817,0.00614546,-0.04141251,1.25204784,-0.58533723,0.01836744,-0.38825167,1.10161370,1.88742235,-0.65003658,1.45105595,0.20062176,0.10752515,0.41100453,0.22012702,-0.95584336,-0.07291075,-0.22005539,-0.19558798,-0.38883281,-0.14922664,0.20649085,-0.49072142,1.33805243,1.03334873,-0.39244347,0.27618825,-0.05000140,0.27834368,-0.22088453,0.40760913,-1.68683829,-1.13229950,-0.44919877,-1.62855982,-0.07475138,-0.99001720,-0.50211038,-0.01690036,0.66174479,0.52193732,0.07109198,-0.10333184,-0.12418319,0.50507231,1.74653240,-0.93847554,-0.20501821,-1.44084665,2.06599579,-1.21764590,1.04369114,-1.63679992,-0.83117280
0.03839310,-1.43277311,1.65022136,-0.09570671,2.22286873,0.30768255,-1.72432222,-1.69519894,0.27830267,0.93830121,-0.87410295,-1.14620816,-0.64576917,-0.82087311,1.14362926,1.41257942,0.28041958,-1.68225018,-0.42423601,0.66053236,-0.03313862,-0.03843750,-0.81165673,0.17418311,1.47783732,-0.21928854,-0.56145120,-0.88252508,-1.23425120,1.13539192,0.85368898,0.66195216,0.19404278,1.25198533,1.45403538,-1.48769115,-0.52862774,-0.56136200,0.45941935,0.46148505,-0.84155580,-2.40475651,-1.49445514,-2.20472854,-0.71046994,-0.68650413,0.48718557,0.97033270,0.01916508,0.03055743,2.12603917,0.38254038,0.10177634,1.24376965,0.08418759,0.02602464,-0.39630618,0.20711614,-0.48825994,-0.11685443,-0.92866173,1.10612605,-0.24541818,-0.06354460,-1.32906574,-0.26280460,1.48404238,0.58528431,-0.67924439,-0.40828628,-0.34253065,-0.53105982,-0.25257952,1.23937857,-0.61616572,-0.87438745,-1.14188193,-0.57886288,2.35377432,1.33915981,0.70863580,1.01333130,-0.64029650,-0.47522237,1.24833829,-0.04122270,-0.34942547,1.28694711,-1.32619077,1.09262537,0.38335523,-0.69086421,-0.07214371,0.47294788,-0.46451862,0.81516871,-0.74500983,0.35854348,-1.32250075,-0.53624678,0.05567394,-0.51064807,-1.42021759,1.16593998,0.74428784,-0.64532290,0.47335156,-1.03445039,1.77939743,-0.74703256,1.76674231,1.02756267,0.05220430,-1.97396705,-1.11140442,-0.32460980,-0.35060360,-0.37107689,-1.90175861,2.05921537,0.16856394,0.04277687,-1.35449780,0.52743855,-0.81662353,-0.63316229,-0.01777487,1.53760099,1.58403492,-1.50733364,0.06657628,0.37796135,0.90215798,0.01787532,-0.10606140,0.94977530,1.14557361,1.17622157,-0.83786411,-0.50649316,-0.50053479,0.07422264,0.54239780,0.67198393,0.39552799,0.19291875,-0.04168238,0.58230656,0.40750082,0.93444036,1.61568612,-0.40306697,-0.54147990,0.37068142,-0.41433688,1.22450293,-1.76123408,0.02208424,0.09636617,-0.93434602,-2.03052677,-0.63616068,-0.41951157,0.71160514,0.61064002,-0.26442729,0.42119403,-1.11074729,-0.65007716,-0.15565900,1.84772990,-1.45759400,0.45445009,0.53614692,-1.83245733,0.04289999,0.56730066,-0.38122900,0.15860583,-0.74320766,-2.30035875,-3.01787832,-0.41925287,0.36734987,-0.37795324,0.36967098,0.76674835,1.13234691,0.17136907,1.99203095,1.03711286,0.79726019,-1.53482014,-0.22403797,-0.72116475,1.23912003,-0.52511985,0.36723210,-0.28738637,0.10830547
-0.36052481,0.07127898,0.97996040,0.66242414,-1.78178596,-1.08484486,0.55042647,-0.41666754,1.61266026,-0.20492436,-1.02110946,0.34551521,-0.53173755,-0.73770647,-0.41886734,0.85212581,0.28195462,0.84506406,-1.02800551,0.97552046,-0.06296933,-0.61702729,-1.39142502,1.18741067,0.13674135,0.44601964,-1.26114669,0.03862550,-0.96423685,0.41451361,-0.17522190,-2.57541764,-1.65402498,-0.03492758,0.04489590,-0.40189823,-0.71800958,-0.07942715,-1.01936903,0.04660887,1.03690077,-0.41559332,-0.62249481,0.23637705,2.03483662,-1.31550706,1.40275590,0.73232980,1.23349487,1.36591203,-0.08084109,0.53289924,-0.08816881,-1.83091849,-0.54345512,0.62392428,0.82482314,-0.53655209,-1.24155398,0.74382740,1.12581675,0.16199752,0.21714684,-0.09452058,-0.77053624,-0.26525424,0.39644207,-1.02448302,1.48704107,-0.15951768,-2.52204841,0.83884925,-1.23172351,-0.95624057,-0.65813233,-0.20540098,0.08647070,-1.54676514,-0.01671001,0.09752082,-1.62250475,-0.65318655,1.11037900,0.17809812,1.41255203,0.66591474,0.78218148,-2.06173922,0.86279023,-0.38785844,-0.16527615,0.01421016,0.04756239,0.88087994,0.09307317,1.98535786,0.20753477,0.04923529,1.80513965,-0.53071978,-1.18369949,2.32410534,-0.36939199,-0.03561544,1.72078869,-0.02191477,-1.08291798,-1.57670073,-0.14092239,1.34778664,-0.15349310,-1.17285819,-0.71448003,-0.22412530,0.35400380,-0.11531353,-0.92653524,0.16852520,-0.64773379,-0.56383720,0.10498799,-0.08417210,-0.50611494,-1.23767225,-1.23021147,-0.24184295,-0.04756206,0.34705546,-0.79074497,0.08297869,-0.96524665,-0.89535304,0.75612902,0.49372017,-0.35966482,0.92566832,1.18280338,-1.11089704,0.61399569,1.38822882,-0.25180019,-0.75639112,-0.93522315,0.93923289,0.54604748,0.96037460,-0.94885562,-0.49812263,-0.40269875,0.59204590,0.00905653,-0.88632182,0.04909981,-0.17814707,0.28006775,-0.97076914,1.38877689,-0.60772565,-0.22426994,1.93298052,-0.89138365,0.01877783,1.30154482,1.37186828,0.54780033,-1.04957889,-2.17089041,1.31924514,-0.90269827,-1.40115147,2.04415109,-2.02331736,-0.00806795,-1.62175674,0.44290328,0.04733582,0.91358027,-0.04562750,0.02881432,-0.55661421,-0.16021257,0.78944385,-2.34358715,-0.89369607,-0.63246087,1.48739024,-0.73552728,0.01852555,0.29105886,1.80883262,-1.21725014,-1.47505026,-0.52765640,2.03525442,0.45799018,0.05310674,0.18816790,-0.81262409,-1.08104703,0.68411634
1.41707927,0.44372873,-0.07697271,-1.09153436,-0.43745681,1.67401031,-2.92415314,1.68253025,-0.14711308,-0.36785922,0.13737488,-0.22010714,-2.50142391,-0.60382122,0.72635621,1.20626450,-1.03785281,-0.24585849,-1.38965324,-0.07863102,0.97951276,-0.20713240,-0.49472676,-1.67252308,0.21500161,-0.67231018,-0.21685439,-0.90031684,-1.24777704,-0.17718447,-0.65907581,1.19779556,-1.59373823,-0.79251334,-0.62214668,-1.65976109,0.43504473,-2.57383610,-0.62485686,0.33622471,1.07358644,-1.48527183,-0.29464555,-0.31118565,1.27958623,1.45096706,-0.90877129,-0.87505608,-0.64538820,-2.56474935,0.24374947,0.57347734,1.10273425,-0.74757144,2.09533694,-1.34397310,-1.29739960,1.15961170,-0.95037675,0.00149790,0.18269709,0.18846500,0.39759551,-0.66458111,-0.13333141,-2.84155112,0.41809649,-2.77643725,0.26580729,0.22755880,1.40115533,1.55551110,0.84288248,0.90289738,0.32123001,-0.59969403,-1.02424199,-0.61580382,1.69270674,0.26875413,-0.39950003,-0.30057336,0.22163736,-0.22048908,0.69027631,-1.41699936,-0.81518638,-1.99048018,0.44239726,0.67068011,0.71852649,-0.29727740,1.11087643,-0.81770005,-0.57548666,1.19775722,-2.62814945,1.58674043,1.41610428,0.76716881,0.16583805,0.81507261,-1.62773279,0.30031881,1.33367898,0.82929622,-0.48489309,0.16182588,-0.58497818,-0.69672839,-1.14705164,0.71963047,-0.93956933,-1.24852291,0.97725798,-0.97496947,-0.91945491,0.15526491,-1.34079616,1.05703007,-0.07786914,1.70382995,-0.27392076,-0.31024755,-1.75489047,0.41914717,1.28259311,-0.52966664,1.02945884,0.15277068,-0.85804334,0.46606531,0.27105324,-0.75733932,1.70858192,0.25935329,0.27273152,0.03050963,0.65431817,0.71764160,-0.27250060,1.16463178,-0.18861875,0.65483622,0.74848560,1.55961439,-1.26088442,-0.63041605,0.63211772,0.29121546,-0.83126410,-0.20909088,-0.70512166,-1.55715934,1.74008331,-1.17470382,-0.37250119,-0.36379788,0.48524644,-1.66791197,-0.40924521,0.48746199,-0.06851267,-0.23488061,0.18283491,1.02534611,-0.39523688,-1.07674410,-0.45309407,-0.50467542,-0.49093715,-0.38336353,-1.82549920,-1.10224302,0.35692600,-0.22437223,-1.78851848,0.98222172,-1.40253943,0.82134070,0.38697723,-1.18609832,-1.20528285,-0.15333759,1.83147550,0.81542661,-1.07241870,0.83842868,-2.09998339,0.24368106,-0.03491251,0.79326135,1.11104185,2.49747981,-2.83819794,-1.06051244,1.05890708,0.95856063,0.82476181,-2.52302900
1.56724994,-0.20268507,2.03088066,-0.06376123,0.53242933,0.96501614,-0.35616472,-2.24416077,0.57213305,-0.04206320,0.83338029,-0.12947990,0.21820233,0.36254585,-0.34009029,-1.35375713,-1.29520942,0.77237834,-0.06484063,-1.24007693,1.68279468,1.14015761,-1.52589696,0.81592626,-1.19592505,-1.55059192,-0.60340044,-0.60833540,-1.07150567,-0.11946371,0.01402606,-0.99646121,-0.11727125,-0.54394526,-1.69955495,-0.00086251,-0.99788421,0.35961269,-0.70262971,-0.53244667,-0.76005291,-1.32320530,-0.53405255,-2.16442886,0.40672595,-1.64053316,-0.34879340,1.16092455,0.29041050,-0.14693003,-1.53470364,0.28562053,0.01342632,-2.17719496,1.00457960,0.87465394,1.11576199,-0.09074169,1.47532322,0.50678560,-0.71918979,-0.35758846,-0.10889002,-0.45786591,1.69106477,-0.35122116,-0.34773369,-0.00161704,1.60113068,0.81243540,0.16039574,-0.36004374,-0.24872886,-0.57736661,0.82980766,-0.48964820,-0.71978778,-0.06107468,-0.33745560,-1.56357375,-0.61054498,0.51727251,-1.23109286,0.63855200,0.23863999,1.52649118,0.58262411,-0.67993344,-0.53462899,-0.20369752,-0.74393091,0.41474653,0.00780773,-1.04359847,-1.20973091,-0.32658557,-0.87258200,1.76109475,-0.97143496,1.53498530,0.28140868,1.23797224,0.47188372,1.16762797,-1.28040019,-1.57765107,0.43727015,-1.10334755,0.64757306,0.44737069,-0.14677063,0.77945708,-0.68032623,0.96225180,-0.85872251,1.21749957,0.28970043,-2.59819662,-1.54181032,0.08196966,1.58732486,-0.73494033,0.72907606,0.92698189,0.70807509,-1.25772111,1.17702110,-1.92038066,0.70479281,-1.09369500,-0.28296631,0.68877289,1.25026621,0.18482025,0.42636691,0.01820267,-1.57920897,-0.39279805,0.87792921,-0.40195094,0.46907001,-1.50160776,0.36968598,-0.90973127,0.73022692,-0.78083809,0.57104368,-0.69821687,1.86831047,0.05362892,2.73421822,0.99653375,-1.37328351,0.52792855,-1.59465395,0.51148246,-0.00930941,-1.91160696,0.57958660,-1.32374368,-0.91470196,-0.58394829,-0.14687601,0.91250595,-0.12135637,0.63030170,-0.43489027,1.04310655,-0.34615303,1.07253157,0.93768478,-0.63382806,-1.78628926,-0.83566913,0.46319832,-1.37417545,-0.15125389,0.45909401,-0.75346194,-0.80417088,-0.17985636,-0.27937595,1.34965103,0.91178484,0.62844260,-0.11813484,0.52278889,-0.80714061,-1.44277509,-0.52510136,-0.47120835,-0.43288143,-0.06250804,0.27013071,-1.23952650,1.98195046,0.58895787,0.70825161,0.13543199,-0.43422075
0.83505532,-1.53804325,2.20150754,-1.29201405,1.65037567,0.43708652,-0.69224125,-1.83273712,-0.11756168,0.01890469,-0.10709312,-1.76529775,0.57134958,-0.83324669,0.30775346,-0.54517629,0.54322146,0.94310899,0.23313158,0.45955437,0.60537462,-0.52416369,0.66339559,-0.51368682,0.36954367,2.59496189,-1.85058285,1.37367780,-0.29723811,-1.72257739,0.32692415,-0.98904886,1.95495212,0.52928247,0.64320714,0.20976980,-0.31381581,0.01103734,-0.83685426,0.63389814,2.17253574,-1.30960664,0.55766655,-0.80267671,-0.00249153,0.72011319,1.19282303,0.22712318,-0.00623097,-2.36766985,-0.24024533,-0.57203934,0.83462499,0.19386297,0.68201372,-0.11388272,0.09922466,0.63231028,-1.84336881,-0.24713163,0.86166444,0.63672984,0.65392362,0.55440447,-0.31775345,-0.76433286,0.59007976,0.79131254,0.75773379,0.77858999,-1.04403965,-0.66336602,1.50129978,-0.00916277,0.75602118,0.89755377,-0.97361795,-0.22769350,0.99739395,-0.33345850,-0.80883127,-0.35173004,2.34886083,0.68543717,0.30641838,-0.43917047,2.62967879,0.23849731,-0.93236302,-0.14019461,-0.87200869,0.70777082,-0.31369892,-0.09326160,0.64602734,-0.45695820,1.72224732,0.24867219,-0.59478188,-0.57244563,-1.29280115,0.35185670,-0.27684431,0.17448769,0.77158135,-0.31552225,-0.60120013,-0.07789218,0.65475258,-1.52688031,-0.86988824,-0.21658109,1.14840209,0.60436499,-0.74203958,-0.04465737,-1.38370075,0.59731029,-1.20172324,-0.46925590,1.09969622,0.48438163,0.39249296,0.51773780,2.13172795,1.77975393,1.80232109,0.54027348,1.64924814,-1.19982828,-1.13838240,-1.35442211,1.05112774,-0.36638873,-0.06661345,-1.71260183,-0.15631477,-1.68512941,-1.66021880,-1.33555888,-0.21647733,1.35887121,-0.77497104,-0.59717468,-1.51343192,0.61597185,-1.02404875,0.43997876,-0.29381847,1.38240036,0.90633991,1.74397773,-0.80232549,0.78680926,0.00045809,0.44469722,1.37369707,-0.33198087,1.69038497,-0.81144992,1.70702334,0.35954968,-0.11660676,0.64639693,2.55153992,-0.90765619,-0.17778240,-2.19576202,-1.99816352,0.43345876,-0.75198652,-1.01046137,-0.75284123,-0.25886415,-1.23719787,-0.06988917,0.22124883,0.41281432,0.54483673,-0.35594209,0.19899561,-0.70138519,-0.67751574,-0.46743782,1.01758150,-0.94231918,-1.46449255,1.01192106,-0.53790629,2.37904641,-0.77662304,-0.24867388,-1.73526882,-0.04902555,0.38229340,0.73621638,0.77633205,-0.15279460,1.24856454,0.22399753
0.61503954,0.12956384,0.09608310,-0.14211044,0.61333584,0.83565376,0.77421976,0.17622498,0.17037041,-0.32576525,0.54711908,-1.54598221,-1.51046339,-0.34046980,1.10198395,0.82528630,-0.22771540,-0.43012071,-0.06888776,0.80023201,1.42922358,0.43454229,-1.44207140,0.16068754,0.32357622,0.14113824,0.13576535,-0.42229339,-1.08473899,1.80230979,-1.36670726,1.57789138,-0.01318764,0.31906854,0.84502736,1.16419617,-0.71623725,0.39388090,-0.32195408,-1.72398318,-1.18503911,-0.26740757,1.18041038,-0.97324103,0.15303477,-0.51316134,0.58180216,-0.17965198,-0.38428057,0.46870684,-0.30803570,0.64604611,-1.98812188,-1.73417864,0.04056849,-1.25575534,1.19597521,-0.28071488,-1.10545841,-0.99942134,1.37319068,0.52488285,1.18669648,-0.86133560,-0.25460688,-0.47996055,-1.89696960,0.20368232,0.02738174,-1.91692881,-0.99081439,0.17834546,0.49953289,-0.36356979,-0.04502469,1.67017266,-0.10132483,1.04354267,-0.86969655,-1.16320866,0.18316711,0.64573289,0.20066396,1.57641633,1.43483590,0.48675826,0.09980353,0.21222348,-0.06860261,-0.22636087,0.35164035,0.77425868,-0.36875852,-1.52389850,-1.50858829,0.27772347,-0.36680008,0.12283072,-0.89464486,-0.57489731,-0.05524379,0.13064302,0.44069106,2.41745928,-0.97140048,-0.51911686,-0.51885444,1.31781008,0.10419809,1.24637396,-0.07904287,0.61867033,1.28645135,-0.81520439,0.49170091,-1.10677990,0.09276388,-0.18112841,-0.46978426,0.35005747,0.32941861,0.19478609,0.89667084,1.93810893,-0.91950515,0.72609578,0.86628538,-0.51457702,0.17572005,-0.82389312,0.10565671,-0.13746592,-1.28618232,0.58490967,1.86462037,-1.68207683,-0.98340369,1.38077452,-1.24359595,-1.61308998,-0.73889738,2.22426303,-0.41542942,-1.74807309,-0.22493633,-0.79932032,0.64603977,0.17660462,-1.64372386,-0.01105510,-1.44764030,-0.28044169,1.26173273,-0.23557769,-1.68730011,0.81218629,-1.62722955,0.76269065,0.14141327,-0.99107765,0.89630028,1.48958677,-0.75192502,-0.11402070,-0.23973811,1.83175886,0.97106194,-2.13895560,-1.13813714,-0.75344256,-1.23499718,-0.98387395,0.78692903,0.73935618,-0.90108152,-0.11838832,-1.51937957,1.02340629,0.49297268,-0.59832265,-0.85466217,-0.99284871,0.85808793,0.85664962,0.31982736,-0.24308428,0.25292133,-0.47921619,-1.48649500,1.45553225,1.33063031,1.20002396,-1.25564825,0.47221685,0.73857639,-0.37889354,-0.47375395,0.97220715,-0.91895048,0.66324050
-0.13349140,-1.56637034,-1.74865144,-1.12259194,0.79855081,-0.08809313,-0.21782625,0.36759317,-2.16367798,1.57683721,0.03329115,-0.61511529,0.74040278,0.72608238,-0.83144669,0.65585556,-0.30277616,-1.38552558,0.08396813,-0.89142781,-1.56802865,-0.63281120,-0.11932513,0.28325033,0.20911389,0.07650403,1.07074588,1.13131087,0.62350746,1.17845942,-1.43633312,-0.49052053,0.12482685,0.39116843,0.20994779,-1.49908916,0.54129892,-1.17107782,1.21872967,0.69911599,1.26867915,0.09842575,0.10252703,1.60237631,0.32978808,-0.93172540,-1.27772591,1.57293572,0.72615549,-2.74566540,2.26901282,-0.40501475,1.78086881,1.90168795,-0.32185701,-0.20436801,0.14897656,-1.45938327,-1.50174059,-0.86703571,0.21262376,1.33510585,1.63127589,1.63044451,-0.43809425,-1.36509135,-1.45117709,1.03160307,0.81428990,-1.60951718,0.73305810,-0.38120203,0.57721871,-1.04239141,-1.72732191,-0.05685553,1.22566102,1.60082689,0.42065202,-0.57247372,-0.26534417,0.57044370,-0.26285266,-0.77184637,-0.12774516,1.18204303,0.47248009,1.46066928,0.04915029,0.40959412,-0.53049420,1.30071691,-1.69528125,-0.37566904,0.34840246,-1.61850016,-0.19210097,0.07084760,2.43572851,0.97168120,-0.93296221,2.86520354,-1.79204799,0.54493439,2.44944917,0.01708348,-1.39608808,0.59129936,0.79082339,-0.21011953,1.09083606,0.91092958,0.10535183,0.92735054,0.89302052,0.53780380,-0.69036096,-1.18785301,-0.49418725,1.17706575,1.05826178,0.51104205,0.51880181,1.36155334,-0.21382382,0.44885413,1.46470565,-0.38355152,0.72764598,1.19395601,0.21226465,-1.01290659,-0.56531584,0.13056589,0.27390678,0.74129982,0.06156683,-0.46687531,2.54911234,1.09915673,0.69031371,0.67479932,-0.49395892,-1.80015327,-0.20430267,0.00353687,-0.00573332,1.06126382,-1.46264426,0.43159789,-0.62280102,1.24047706,0.17044629,1.98689826,0.11130117,1.20965503,-0.45732977,0.92318349,1.32551882,-0.95316637,-0.67812980,0.33409960,-0.75492824,-0.38838252,-0.62657565,-1.30642116,-0.03849585,0.14356739,-0.78907365,-0.09850370,-1.45286641,-0.94786596,-0.86957869,-0.30551728,-0.60514735,0.22482054,-1.03847243,0.77181917,-0.48000929,1.83474510,-0.10876543,0.45447499,0.09870935,-0.45830545,-0.85704403,-0.77440295,0.70878733,0.01847360,-0.10408058,-0.23485774,-0.25090635,-0.96275025,0.49340515,2.13305005,0.98388829,-1.80928169,0.04235881,0.51687218,-0.03292069,1.29811143
-0.20211703,-0.83323100,1.73360025,0.19064900,-0.17781039,-1.08502512,0.97226233,1.43147168,-0.24507304,-0.62325381,-0.39599887,-1.35852240,1.32260253,0.00344394,-0.00019677,1.53370396,-0.77308225,-0.40125494,-0.11535676,1.01155545,1.51323552,0.91706862,0.72889307,0.55203214,-2.80323408,-0.39605318,-0.71314362,1.30083367,-0.55286579,2.07089741,-0.36590833,-0.89763004,1.44493648,0.17294185,0.28268850,1.09086956,-0.20134816,-0.68068576,0.80327502,-0.34216383,-0.47248884,-0.69225690,-0.04667126,-0.61958009,0.86952601,-0.14688285,0.32809176,-1.36304350,0.80783430,0.66066403,0.77885005,1.50732025,0.37957621,0.65192955,0.35200016,-0.48373889,-0.13574287,-0.13497143,1.00533622,-0.85432549,-1.79476544,0.98291066,0.80277496,-0.46739636,-1.41423293,-1.11999345,0.88719667,0.07628205,1.22312878,-0.66563632,-0.34127374,-0.50465599,0.32757335,1.14238679,0.74653145,1.79105614,-0.07253711,1.24768194,0.07114298,-1.84777349,1.96591487,-0.24107387,-0.15780429,0.52545760,-1.91167094,0.93480541,0.84594622,0.11846467,0.50291447,-0.19827708,0.76553583,0.90733896,0.19739117,1.37384821,-0.98933005,-0.98910238,-2.47698540,0.77025427,-0.08612658,-0.85766795,0.63917360,-0.24720034,0.23337957,0.87081412,0.67385517,1.62726698,0.75169652,-0.78834115,-0.80822080,-1.37360368,-0.40459921,1.02806304,-1.51878243,-0.48380016,0.61507320,0.82162046,0.12665887,0.57525004,2.10623775,0.89448959,-0.78715088,-1.39721956,0.32731963,0.79465444,-0.41601991,0.71127438,-0.04053800,-1.70445563,0.58375349,-1.00758783,0.72518511,0.94671893,0.50673289,1.64494924,0.51311013,0.32600952,0.51651878,0.16197185,1.91427622,0.68520898,2.67146361,-1.26158317,0.06337552,-0.61225089,0.70643560,-0.14906751,0.32145091,-0.34267037,0.34572586,-0.46828028,0.29189162,0.46505077,0.12497494,0.55993355,0.67862361,-0.40455463,0.66924425,0.49382250,1.22093965,0.10368794,0.69756465,-0.66959115,-1.29091089,0.19486130,0.19422521,-0.67482691,-1.99703344,2.40577061,0.62007846,0.37729816,1.55250320,-1.46552712,0.36449404,-0.01552261,1.19856239,-0.41781355,-1.69516251,0.82107436,-1.77367277,-1.05945037,0.72845316,1.15918465,0.28155386,-0.39451441,-1.98535013,-0.44234223,-0.93958810,-0.32031767,-0.92231660,-0.52976197,1.66347574,-2.52646699,-2.26904333,0.52168834,-0.37971074,-1.07271133,-1.29908643,0.17974832,0.26792302,0.77018670
1.31951239,-0.42585313,0.09323029,-0.10086632,-0.05279595,-0.24208871,-1.23587708,0.21881313,0.24743498,0.09112409,0.93563855,0.66423640,-1.79884394,-0.97753491,1.00687389,-0.44126382,0.26307244,-0.29382701,1.23985460,0.15304141,0.09194025,-1.49460300,-1.64241705,-0.39248209,0.93805939,-0.77551957,1.43062089,-0.59730934,0.41537652,-0.49669880,0.45516739,1.39694495,0.96033277,1.66948789,-0.72505322,-1.13568472,-1.23310883,-0.22711858,-1.28549254,-0.93180593,-0.76067695,3.22050179,0.22094288,-0.06291226,-0.62988701,-1.07320936,0.00105581,-1.01772136,-1.57432766,-1.63543201,1.70431399,-0.66176981,-1.65991695,-0.33339089,0.67776137,-0.01046752,-1.13232162,-0.09044046,-0.58791059,1.02760999,1.46216884,0.24523735,-1.85689377,-0.20752753,0.09245421,-0.54344431,-0.50159988,0.38582272,0.58885524,1.15863970,-0.74751706,-0.24346263,-0.13106332,0.26675679,0.52597552,0.11212241,-0.53327962,0.84079495,1.04887119,1.61497094,0.93183972,-2.27124325,-0.73822499,0.04732908,0.18569193,-1.30581721,-0.70642333,-0.17918793,0.50385471,-0.62630463,-0.02828213,-0.71549916,0.48784122,-0.08434079,1.77378949,-0.44339494,-1.08207251,-0.51270866,-0.44602375,1.89001412,1.33737742,0.30396475,-0.11287893,-2.21149614,-0.76598051,0.01216043,-0.55536067,1.85554240,0.91795461,0.23524099,0.85845825,-1.17517899,1.62420846,2.27707735,-0.18048750,0.55907538,-0.19927423,-0.54539764,0.57595138,1.16523818,1.68721558,1.87946165,-1.19231281,-0.34553058,-0.09260986,0.02981220,-2.23407640,-0.01284614,1.78099968,-1.76980575,-0.16576048,-0.29625382,0.39844850,-0.27845388,-0.76574076,0.58810298,-0.02685119,1.24918776,0.59690859,0.80535915,1.22508760,-1.66548186,0.74585504,0.17671839,-1.02949400,-0.30470130,-0.83480661,-0.54812245,-0.22754184,-0.39199832,1.75376391,-0.45488529,-0.20241487,-0.79578065,0.75502229,0.54831995,-0.60400022,-1.07423098,-0.23397389,-0.73126801,0.60314730,-1.90908479,-0.46446927,1.81270092,0.57270689,-1.13073048,-0.21263407,0.91418665,1.02892643,-0.93365408,0.96858372,-0.44682556,-1.31552929,0.96646577,-0.13059267,-0.14099741,-0.27779552,0.19348551,0.27904940,-1.08271757,-0.61723722,-0.90629401,1.62494770,-0.82389030,0.65744487,1.33390194,-0.73962151,0.03537399,-0.95806500,-0.10813259,-0.52538059,0.83999995,-0.62033880,-0.13528633,1.85788115,-0.99813767,1.32067814,-0.01264016,0.55698393,-0.12702479
0.48804346,0.55743026,-0.45476699,-0.60726725,-1.06743084,-0.50230558,-0.48572845,-0.09192174,-0.96235997,-0.00352959,-0.07589338,0.09332617,1.22813004,-0.01785535,-0.47204494,0.22141397,1.44686047,0.43060020,1.06773315,-1.62409322,-1.18728587,-1.10634745,1.18932827,-1.34099722,0.75075249,0.21445977,0.31687077,1.25226904,0.96443865,2.13035239,-0.76323003,1.79556077,-0.34861875,-0.38594668,0.28251847,-1.09048607,0.24797790,-0.30098181,0.44860350,0.95515924,1.45682176,-0.64796758,-0.37135064,1.01682097,1.20091936,1.08009711,-0.39414843,-0.10198950,-2.37312269,-0.35240956,-1.07119517,0.55538310,-1.70906709,-0.68719787,0.06236410,0.04083793,0.43687678,-0.94740468,1.30013027,1.15877187,0.49885723,0.22810881,-0.61019366,-1.82420505,-0.04410215,2.44817667,0.93301154,-0.15315053,0.04307655,1.41306802,1.13179708,-0.88388794,-0.46411615,0.84016033,-0.13607211,0.75514095,0.99497756,-1.56244222,-0.33600732,0.25827484,0.60227731,0.17842335,0.72690705,1.04885751,-0.36210688,0.67444793,-0.47865585,-0.23345930,0.40710674,0.28391895,0.77380081,0.41342798,-0.13201269,1.08257277,-0.81750037,1.44860151,1.08537750,-0.23581378,-1.65894748,1.11786357,1.07099100,-0.38299509,-0.19811754,-1.39880997,-0.06386437,-0.11479526,-0.38312005,-0.88570037,-0.82967943,1.45305391,-1.65116347,-2.56542667,-1.12522667,0.34725603,0.97809615,-0.79149972,1.94779379,0.35808728,0.11181406,-0.28046947,0.46102287,0.60236193,-0.53356335,0.05424776,-1.76648611,-0.05080767,1.99508952,1.56728577,1.43532560,-0.59087654,-1.20807162,-0.67524062,-0.76835254,0.24062166,-0.86469039,-1.63525564,1.78798444,0.37761660,1.57044580,-1.44662346,0.84250592,-1.20139574,-0.34694108,-0.76603913,-0.63462683,1.65599852,-0.62335036,0.49075663,0.84478853,-0.98134865,-1.44581149,0.63373103,-0.55614283,-0.50656858,0.11020684,-0.51013919,-1.19482396,0.74411000,0.08571160,0.05159826,1.14833195,0.78048736,0.54197802,1.21884200,2.07694094,-2.48627429,-0.42237191,1.00997296,-0.75263121,0.08101600,0.56162102,-0.41273318,0.13252728,-0.52384653,-0.38265819,0.06318276,0.25853885,-1.04200771,-0.48636870,0.03872507,-0.41882316,0.01405059,-0.99870337,-0.81898322,0.22184482,-0.54241281,-1.54576968,-0.43460878,0.42554787,-0.23969791,-1.62521544,0.33109105,-2.36214456,0.25202457,-0.22751661,0.32970845,0.94917558,-0.00288580,0.39587718,-0.38087283
-0.72154109,0.96203510,-0.96301864,-0.44335432,1.29817991,0.05063723,1.32022160,-0.01378179,-2.15860084,-0.28511509,1.06935988,-0.48779465,1.05743401,-0.51057575,-0.58300034,1.82618246,-1.25774979,2.43840182,-1.29081588,-1.25520800,-1.07087101,0.35587556,2.27027653,1.62796120,0.92714262,0.41941035,0.69968553,0.27649275,0.06009158,-0.27198331,-0.02166647,-1.08177447,0.28980222,-0.79585462,-0.55431264,0.05876460,0.20736077,1.63871899,0.95634723,-0.11447784,0.40837437,0.31255535,-0.04437165,-1.44782036,-1.45288665,-1.04980523,-1.07688242,-0.98179079,1.00574740,2.17397635,-0.17062300,-0.39734256,-0.81060680,-0.31176264,1.73859709,0.46362932,-0.39244119,-0.55735292,-1.31279012,-0.05005301,-0.33188203,0.63953380,0.11241925,1.61885359,1.59751381,0.77313829,0.13068725,-1.32356019,-0.47222468,-0.29859832,-0.43974831,0.90285891,0.76854221,0.92304288,1.68428018,1.44180779,-2.51311453,0.40862384,0.06557017,-0.33208671,1.74667816,0.37341706,-0.27282919,-1.60178529,0.70189606,0.46041174,2.36835678,0.49824312,-0.36250163,-1.74023060,-1.16048469,-0.01243427,-0.07711254,1.26291647,0.23552805,-1.05996428,-1.45036809,0.19688043,-0.37458191,-0.68522489,1.80138143,0.49309299,0.74835609,2.18405896,0.08304277,-0.67325962,1.02157152,-0.56867708,0.84244271,-1.97403114,0.69890127,0.03128628,1.73209794,1.07079756,-1.06702499,-0.21675636,1.77142692,-0.23450686,2.48651352,0.24142703,1.73947772,0.42678870,-0.68755851,1.11926327,2.26189518,-0.11679030,0.46768527,1.30064833,2.90035447,1.51464071,-1.14705338,-1.24515369,-0.58799874,0.58127826,2.12538707,-0.05068669,0.40111373,0.78820962,-0.61603384,-1.26473964,-0.23631807,-1.57274784,-0.05317562,-0.51446796,0.23950068,-0.88338890,0.29193781,0.25288434,1.35250613,0.18029006,-0.95870550,-0.18209528,3.05710150,1.51679110,-1.01260987,-0.17193681,0.40791305,0.17541290,0.35285797,-0.26927271,-0.80499772,0.04604371,-0.07985970,1.07218074,-1.10289917,-0.60411318,3.45717889,-0.48465385,-0.69015262,1.07745667,0.14118807,-0.46324146,0.17697903,0.82872731,-0.78656909,-0.88341647,0.89812909,-0.34180117,0.43761861,-0.81933353,0.77316995,0.35169021,2.36420605,-1.38872871,-0.38259671,0.66420292,-0.84991803,0.80903727,-0.08872948,-0.76575153,0.40940074,-0.25894603,-0.07104179,-0.29946536,0.14745626,-0.02654879,1.61071785,-0.88129417,0.02499022,-0.31422616
-1.50776429,-0.50180216,1.01657403,-0.01836470,0.36158911,0.79754443,1.21214575,-0.65068396,0.35485819,0.24842728,-0.27896630,0.58587806,2.30153522,1.27461475,1.03638122,0.77744802,1.10288640,-0.10681145,0.19700367,0.19325388,-0.39524651,1.15838606,1.40599764,2.12193272,-1.83584958,-1.20853631,-1.32491438,0.42055048,1.10372627,0.90931875,1.47529066,-0.82873383,1.01692498,-0.69724372,-1.48102175,-0.74086193,-0.61862950,0.53698174,-0.28220941,-0.14430039,-0.79233640,-0.61481320,-0.06321723,0.11864239,0.33734075,-1.39941342,0.58438210,0.18353617,-1.36931720,0.65812593,-2.25366970,-0.70972499,-0.29934465,-0.77441827,-0.71506977,2.74782383,-0.44641942,-0.53939867,0.50484521,0.03090163,0.78931771,0.82532129,-0.12163399,0.83580479,-0.55302498,-0.62327838,0.11808484,-0.58775628,0.35726170,0.60837472,-1.68829665,0.30137582,-0.93616365,0.68787864,-0.51134502,1.38537398,0.28469485,0.43299513,0.12501797,-0.89945429,0.23522390,-1.20325061,-1.71938225,0.59319877,-0.97789308,0.26530685,0.50670045,0.52892065,-0.84244835,0.39137407,-1.16643038,1.49806999,-2.30286937,1.21160636,-0.24390487,-1.20525803,-0.29173318,0.06160480,-0.68832290,0.63143163,0.21474496,-0.46516050,0.09133531,-0.68776093,2.58876225,2.26882191,1.64097022,0.70804104,-1.65335270,-1.60327192,1.02964441,-0.14688411,0.70792978,0.77507383,-0.55032008,-0.19526091,2.20690260,-0.37377578,1.35442890,-0.18111479,0.13935002,-0.11147289,1.01144816,-0.69357630,0.27876335,-2.05469977,-0.57090851,-0.30623678,-0.31568637,-0.88970699,-2.32314398,0.47976236,0.04171265,0.07869128,0.83109744,-1.66437170,-2.12566436,1.29526386,-0.97663263,0.14363936,-0.71104367,-1.14801413,-1.14526299,-0.80192434,1.53514864,2.17072823,0.76578006,1.56208624,0.17562756,-1.35031737,1.79174881,0.71608433,-0.19385663,-0.45262863,0.28351417,-1.25925159,0.36303104,0.34901906,0.49312449,-0.88365991,-1.28619152,0.62788410,0.52987407,-1.44137801,-0.28352597,-0.53379156,-0.53767214,0.20810731,0.97999795,2.27777601,1.21276170,0.56427530,0.03544852,-1.07892675,0.11252103,-0.21529855,1.77592544,0.98408503,-0.07671864,0.66795254,-1.01153080,-1.52403438,0.16092555,0.85788969,-1.69504117,1.22148436,-0.11973558,0.90356365,-0.23019807,1.80573004,0.01344822,-0.80378859,0.44526065,0.12485017,-0.53019167,-0.84513478,1.15023915,-0.11141310,1.01829102,0.17982658
0.07255389,-0.07256822,0.60867332,0.65046924,-0.03888250,0.64535844,1.51922602,-1.34711937,0.31185957,-0.69588221,-0.88896759,-1.82086685,0.38968159,-0.29157649,-0.07120151,0.49599390,0.52458569,0.12485660,2.28545770,-0.37730345,-0.40999581,0.26111414,-1.13192817,-0.81186171,-0.07550435,0.82475701,-0.26583512,-0.53085297,-0.59811250,0.57139942,0.14426130,-0.02151712,-1.51803382,-1.91548844,0.98770785,-0.23746288,1.33028447,0.14672568,-0.21504323,0.67857750,-0.72920828,-0.25427162,0.45394244,-0.08671152,-1.22988704,-1.14903528,0.97524499,-0.16239651,-2.70279340,1.02140675,-1.62136954,0.43404407,1.34811164,-1.29269467,0.32202066,-0.65696621,1.64191332,0.16431164,-0.01322839,-1.83331094,-0.93460261,-0.94061630,-0.92358729,0.65043241,0.10446878,1.22681423,-0.22094232,-0.23840834,-1.20151728,-0.53161780,0.17522201,0.68935689,0.23459457,0.46063828,-0.60257708,-0.80636596,-0.56933780,-1.83228960,-0.45887191,-0.44389086,1.38134889,-0.71664243,-1.32054414,1.69862276,-0.96104897,0.74029905,0.59687791,-2.00139584,1.50757625,-0.03894030,0.49368186,-0.36878220,-0.38757257,1.22376784,0.32620370,0.89988466,2.19007822,1.27035436,2.19515606,0.21567720,-1.56639914,-2.20780263,0.06852916,-1.55810274,-1.00368269,-1.37023782,0.16941808,-0.91375303,1.09610937,-0.19729912,-0.87592890,-0.52416375,0.41030743,0.14495258,-0.74513907,0.23335532,1.17822570,0.14127974,-1.43614493,-0.35978104,-0.89114577,-2.29955688,0.02697279,-0.50354283,-1.45606750,1.78104051,-1.33101718,-1.88698080,-0.22429677,0.72712806,0.75594997,1.47083169,-0.04753333,-0.55050613,-1.20911442,1.09727200,0.17982286,0.09759750,0.60150829,-1.57471131,-2.38042316,0.22428789,0.41442306,-2.06947249,0.06898334,-0.87854320,-0.22637583,0.28708970,-0.12576460,-0.52805035,-0.64016106,-0.90189023,0.68831979,-0.28709990,2.06481012,2.53212870,-0.12349817,0.37025475,1.39691791,-0.28726361,-0.51754196,0.14753085,0.07703518,1.00555824,1.43789538,-0.55180703,-0.04542763,-0.95473144,-1.74177404,0.55163670,1.44941785,1.22999928,0.03447578,0.80503776,0.15865631,-1.44179087,0.80384919,-0.46169385,-1.55632374,-0.24344731,0.84581238,-0.31567240,-0.95239382,-0.33825902,0.15203567,0.36310405,1.67263895,-0.68494009,1.63371436,0.37574619,-1.11494091,-0.12924647,0.58450237,2.71078957,0.19548073,2.00790088,-0.31366216,-1.49661305,-0.48277904,-0.54909171
0.86680157,-0.44253828,-0.34702186,-0.01066147,0.14584800,0.98823142,1.50653930,1.02666772,-1.69850478,-1.22516851,-0.05374709,0.62805823,-2.11000388,0.09215826,2.01089487,0.13685664,0.26662807,0.52596393,-0.51416769,-0.12543861,-1.98461271,-0.63760383,0.18305196,-1.34486297,1.79526048,-0.69532353,-0.44458402,-0.28509759,-0.68214604,-0.61162601,-0.04208848,-1.10171710,0.66971489,-0.38351422,-0.12984928,-0.46967986,1.43957032,0.02836020,0.43464968,0.90280678,-1.27456513,-0.80858550,0.21516657,1.10692501,1.06831969,-1.10120745,-0.21087377,1.03165495,0.02203823,0.19561919,-0.03083009,0.98188501,-0.97886538,-0.46046314,0.71737128,-2.19003598,-0.05211142,0.04035974,1.24536242,0.58358283,1.42358734,0.96408653,0.28920686,0.22815338,0.18889664,-0.66444130,-0.36629325,-0.46542323,-0.12655798,-0.52793355,-0.28212649,0.57417704,-0.98947725,-1.60303639,0.53625053,-0.06420123,-0.59904801,-0.39813418,-0.48848640,0.88294438,-0.91918705,-3.59716335,-1.10889812,-0.28256913,0.08018578,2.00610711,0.53817121,-0.69894038,-0.63427033,0.67835624,-1.72757503,0.10308017,-1.12180092,-0.84258186,-0.20693262,-1.23544688,-0.65678281,0.10832417,0.80443769,0.26560843,-1.12839186,-0.77260399,-0.26780338,-0.82387254,-0.73975874,0.34202461,0.67436232,1.07715625,-1.15600528,-0.39880940,-0.23470349,-2.55369516,-0.43527634,-0.73654631,0.69080988,1.74161428,-0.89612289,1.10034868,1.55493309,0.72045153,0.29445741,-0.52376657,-1.24068346,0.19105765,-0.51323175,-0.10788975,0.29128565,-0.17750241,-0.44349783,-1.61299059,-0.88312777,2.12230905,0.59243182,-0.15806279,-1.50938320,-0.10522217,0.49465332,1.30444939,-0.52863536,0.52938015,-0.06583701,-2.11422317,-1.66383708,0.19018834,0.07222688,1.62488661,-0.15969091,0.90910338,0.04573343,-0.14731184,-1.26500786,1.22935173,-2.22628356,0.80368178,-1.50790950,-0.30222151,-0.53392037,-0.00281478,0.96041510,1.02076073,-1.77659253,0.31257263,-0.51997625,-0.70352101,-1.55940592,-0.97118921,-0.80949752,-0.29926018,0.10380635,0.48994077,-0.48661459,-0.42709563,-0.12040219,0.00003805,-0.71062960,-1.15711662,1.25845411,-0.90982929,0.46061018,-0.89674976,-0.74877077,1.13302855,-0.24876865,0.04856896,0.99084194,1.71942753,1.13886528,0.40503745,0.71976561,-0.00954537,-1.78509030,0.28073620,0.31134566,-0.41487806,-0.51444747,2.33704973,-0.90185985,-0.04326504,0.62942136,-1.22149908
-0.34804805,0.49413028,-0.84277086,-1.09202700,1.13316498,0.54458500,-1.99886507,-0.51366394,1.56698082,-1.48528907,1.16975031,0.17140322,-0.14980044,-1.71675668,0.20774753,-0.28354753,0.68101707,0.17990544,-0.32341749,1.22857295,-0.24948293,0.49516134,1.28353437,-0.21530739,-1.56554179,1.06425182,-0.44657742,0.62580280,-0.45184541,-0.69581420,-0.40094669,-0.74387310,-1.01510661,0.22844718,-0.52000659,1.77387004,-0.98081743,1.66590562,-1.26556560,0.16194341,0.57144363,0.82140239,-0.71519443,-0.73681967,-0.55273690,-0.42812896,-1.34705697,0.23097963,-1.18046462,-0.19708121,-0.68447500,0.12224668,-0.50977173,1.03883188,-0.00329826,-0.94554352,0.05213319,0.94065085,1.42240596,0.70518965,-0.04854938,0.00307166,-0.08284178,0.36210974,1.15069600,-1.24112869,0.60161325,-1.86810246,-0.29480686,-0.54597227,-1.32710289,0.01460634,0.08201189,1.18721840,0.02262422,0.55773373,-0.68356594,-0.38286159,-0.01720304,-0.30592706,-1.15333722,0.29374986,-1.13043359,-1.53622131,1.10678891,-1.71591096,0.16270992,3.49155036,0.82527948,-0.63376460,-0.60241535,0.24722875,0.08885505,0.35493857,0.68852166,0.02992857,-0.06641295,-0.63273465,-0.17391932,-0.82581588,0.19498757,-0.21636965,1.05708902,-0.75734887,-1.52979399,0.35377447,0.34072215,1.33097814,0.75010056,-1.19717515,0.38424003,0.11064873,0.93325722,1.24339278,1.04892826,-0.71442970,0.39936917,-1.19248679,-1.63887149,0.62829425,-0.32214625,2.23172049,-1.00325186,2.59894243,0.72622707,1.83822347,1.06654514,0.62978845,-1.79664756,0.20263941,-0.63148219,-2.06918188,-0.32279126,-0.69720438,-0.08536881,-0.75351474,0.39256271,-1.51933459,-0.29380635,0.35622275,-0.96312971,-0.31199199,-3.02199335,-1.25427668,0.30584910,-0.01310956,-0.01223151,-0.03878499,-1.09677363,0.55647183,-0.66665822,0.38842746,1.96035617,-0.58046697,0.85307204,-0.32930702,-0.78114295,0.54869947,-0.21564312,0.49741717,1.81491782,-0.08312534,-0.20764196,0.48242134,0.20358271,0.25754599,-1.20806247,-0.98220150,-0.80126553,1.14257793,0.79227631,1.23116155,-1.56887656,0.70476738,0.28515554,2.20986754,1.05706864,-0.03210402,-0.12837210,0.35906319,-1.37029544,-1.42810279,-0.26103887,0.65305462,0.41840883,0.29366832,-0.15568369,0.93778303,-0.13599640,-0.81707927,-1.24007679,-0.47324166,-1.16709724,-0.84130165,-1.40274240,1.03710765,-0.86886152,-0.53262570,0.55552183,-1.46484512
-1.08367317,1.88008683,-0.86213429,0.51073523,1.95022099,0.62161942,0.41905022,2.22979586,-0.82081999,-1.79910860,-0.64229919,-0.75263585,-0.01026768,-0.62190308,0.91468636,0.63328158,-1.31105258,0.82133139,-0.10968530,-2.45999676,0.69640566,-1.65335511,1.45451639,-0.03176830,-0.23664036,0.80787182,0.10438948,1.04419401,0.57357611,-0.35921377,1.64385693,-2.31270349,-0.63425503,-1.00911568,-0.32387170,0.15994435,0.00759968,1.29578771,0.11383234,0.81522851,-0.69536514,-0.73972057,0.23548847,-0.01527701,1.13790371,-0.49560000,0.67358988,0.11572894,1.32530819,-0.04739749,0.07491958,1.11266708,-1.34548219,0.56579126,-0.31737324,-0.66238142,0.93907288,-0.35031272,0.52246342,1.70185333,1.19173035,2.52860191,-0.98277144,-1.75153114,0.32586442,1.18941161,0.27938183,-2.51511778,0.24617557,-0.02482702,0.86107592,-1.41252483,0.99938392,-1.45855938,-1.22220120,-2.59589549,1.76364172,-2.38493415,0.86375844,-0.17609351,-0.33070890,1.31455567,0.51493577,0.58308726,2.39479787,1.33046069,2.75397787,-1.13390784,-1.78974961,0.08053140,0.25225122,0.24913373,0.66308850,0.25438982,-0.17697052,0.54606470,-0.16759206,0.64348831,1.22867975,-2.29953989,-0.29270114,0.64439108,-1.00675397,1.68351833,0.99313176,0.47291907,-1.14326376,-0.74366003,-0.25601350,0.94447113,0.79113261,1.63462223,-0.13022637,-1.02893716,0.00854187,-1.33312940,1.17801066,-0.95000723,0.67543728,1.00671996,-0.82438200,-1.04836522,-1.90916704,0.04978691,0.24289572,0.09301236,0.17471874,-0.29405794,-1.84413716,-0.65645556,-1.37479501,-0.29505744,-0.59116383,-0.99969115,-1.04529631,-0.82342700,-1.30715455,0.45195266,1.15890444,-0.52725562,0.41441051,0.98068136,1.78475512,-1.01452974,0.57122077,-0.59805277,0.50296204,-0.06128544,0.76245050,-1.32263065,-0.43461120,0.60564664,-0.04984995,-0.37837547,-1.50189029,0.06280098,0.62652622,0.83339784,0.31404801,0.04247227,-1.96000571,1.50535785,-1.97801391,-0.58576762,0.68414203,0.61146837,-1.30190525,0.25400671,0.91278324,0.44178652,1.28364144,0.10399658,1.21403186,-0.55492975,-0.49855087,0.62925012,0.36858698,1.11571445,1.55233757,-2.32050171,0.58833470,-1.67435891,-1.38080299,-1.14864172,-0.45409608,-0.29328179,-1.09380340,1.24706583,0.14830832,-1.39254263,-0.83311652,-0.26666315,1.50570893,-0.80688061,-1.08858983,2.39160098,-0.40423841,-0.47707641,-0.15645427,-0.65754673
0.28713404,-0.00355400,-0.10588699,0.14882215,0.36053796,-2.49165621,-1.50018766,0.41503688,0.82024064,-1.49848251,1.25069906,-0.92396465,-0.96891989,-0.67470283,-0.96251661,0.09197739,1.78882154,-0.31837482,-1.56162743,0.78084755,-0.07252350,0.72366893,-0.84808818,0.43320701,-0.71843004,-0.50732591,-0.71550886,0.19226263,-1.82258350,-1.54167759,-0.46090190,-0.45969099,0.21078275,-2.05165857,1.51952329,0.82700100,-0.39493915,1.24746133,1.36242656,-2.09775385,0.33673079,1.34978574,-0.11492545,-0.11069288,-0.64529715,0.46954517,0.09639895,-0.21321388,1.39565395,-0.47248146,-0.85940516,1.87601871,-0.13491683,-0.36043792,0.49387585,0.21651784,-1.33561137,1.17834316,0.16702712,-0.04587146,0.29597077,-0.85480132,-0.27334506,0.43090726,0.59813402,-0.63376959,0.11547010,-0.10367638,0.89557900,0.34706197,0.32236278,0.67036407,0.36952491,-1.29313576,2.08815930,-0.31637006,-0.09963352,-0.04135345,-1.41750738,-0.59303907,0.44571314,-0.14961284,-0.16873479,0.38740800,-0.85890895,-0.57689766,1.71519726,-0.69961680,-0.27852581,-1.02607300,1.31251912,0.27686255,0.71437056,-0.27267890,-0.05714963,-0.06287848,-0.77346732,-1.75548941,1.32223248,0.89183458,1.30413002,-1.36331570,0.03539749,0.32860360,0.61597940,1.34496500,-0.02276917,1.66390683,-1.92284006,0.51202293,-1.02517927,0.63723672,1.59303984,-0.64094381,1.42171714,0.06581351,1.86254465,0.67873162,-0.44094619,0.13949793,-0.70305838,0.73381911,-0.72914545,-0.37820727,-2.81545539,-0.86271947,-0.83331437,1.22224628,0.84119930,0.35099711,0.23591884,0.91662329,0.00665100,1.57290328,0.40035435,-0.49135192,0.84453385,0.02008027,1.06542547,1.39817105,-1.60559466,0.02285395,0.84109427,-1.58181788,-0.30878350,-0.78397876,0.82433434,-0.97827355,-0.12910766,-1.16614480,1.25791560,0.39121622,-0.18265214,-1.53880453,0.06813042,0.70067735,0.02958404,0.19925142,0.25264507,-1.81449615,-1.18167601,-0.99188926,0.60963874,0.20166911,-0.67627036,-1.35891777,0.73500460,-0.19934093,-2.68877500,-1.28362480,1.95106836,0.16221500,-1.40234693,1.40980945,0.06309331,1.09614026,-0.88334222,1.87026213,-0.10898912,-0.30584290,-0.70819207,-0.39114358,-0.70890964,1.90772930,-0.55988036,0.99910174,0.71500858,-0.38692027,-0.97105659,-0.06758472,1.13296138,0.65293379,1.23044972,1.11900414,-0.90047897,-0.01695851,1.53886834,-1.99742980,-0.03192091,0.22396576
0.94550839,0.42292354,-1.17568000,-0.20485132,0.95649548,1.58613399,0.79128401,-0.55083369,-0.67167800,-0.69682734,-1.39615542,-0.56004991,0.32467708,1.40760881,-0.07983545,0.25152865,0.49097058,0.32633722,1.47748905,1.05073533,-0.50255845,-2.58274641,-1.39639191,0.39383390,0.13241106,0.60920098,-0.64054424,1.07102336,0.97791071,0.94653999,-0.90846020,-1.04786864,-0.13365636,-0.96012368,-0.22466952,-1.39332948,1.68087409,-0.87328353,-0.43152830,-1.27401287,0.43241102,1.18071739,2.50279953,-1.15927069,2.48501725,1.29968279,-0.18115476,-0.45678322,0.05834234,0.48860631,1.91078136,-0.41042716,0.71220901,0.11995722,0.70526690,0.13828173,1.19295593,-0.17409690,0.92833492,-0.79824196,-0.64232206,1.16048529,-1.05410927,0.75676085,-0.14182434,-1.37028040,2.94460499,-1.44401811,-0.08686179,-0.47410667,-0.82831523,0.90169390,-0.19633882,-0.67780289,1.11748875,0.23173631,-1.02822252,-0.20051274,-2.21923458,0.20178673,0.04937834,1.33755176,0.47299007,-0.71446076,-0.99834953,0.60371800,-1.82547401,0.24000265,0.23301797,2.52562204,-1.41754723,-0.37354363,1.62455764,0.20523592,0.64974143,0.40773842,-0.22301419,-0.75648094,-0.09161291,1.08731058,-0.26653749,-0.56846084,-0.79684235,-1.67034455,-0.86073654,0.31839255,-0.96583459,0.04351204,-0.51509616,-1.10971686,0.16985608,2.94195770,-2.34774744,-1.32470723,-0.49627366,-0.17739999,-0.01640381,2.55385416,1.76597793,-0.09893611,0.33409378,2.13446532,-0.49072747,0.11639076,-0.24463713,-1.29830279,-1.79364926,-0.68497009,0.81442465,0.31814850,1.90929117,0.80859996,0.78029576,-0.08863508,-0.25887214,0.06951818,0.36673811,-0.37622463,0.20749530,-0.34147149,0.13843999,-0.78562848,0.51787708,1.36302600,-0.64838963,0.80723767,-0.33090745,0.27324035,0.59536507,0.49503749,0.47258014,-0.81336808,0.40316373,-0.84633092,-1.24944399,-0.77904910,-0.30012469,0.76067032,-2.60361254,0.23124132,0.06217921,1.31742298,-0.59003195,1.11071586,1.04825291,-0.28928599,0.22119656,-0.85595230,0.01155844,-0.93366761,1.94620533,-2.12603428,0.29489248,1.24646024,-1.72230782,0.81612738,-1.05519507,-1.06232404,0.61646449,0.61404279,0.75988789,1.30477541,1.54731811,-1.10170627,0.32876145,0.52817969,2.55368857,0.20776307,-2.29221996,-1.49336233,-0.23700713,-0.73279524,2.16067083,-1.17834467,-1.32115048,-0.74793087,-0.57069110,-2.53514036,1.18796478,-0.69371652
0.08364601,-0.57612206,0.96478125,0.37905029,-0.53692783,-0.98892823,-0.07133300,-1.97316281,0.01770283,-0.01837208,0.37835750,0.01631214,-1.31080236,1.73578237,0.84645730,-0.39030109,-0.33685342,0.49676666,-2.79083923,-0.39651834,-0.36240848,0.48811303,-0.17026862,-1.16909058,-1.82618669,-0.42303718,0.47885055,0.46585484,0.23103376,0.09853558,0.47383620,-0.73444479,1.23840892,-2.63062675,-1.53207229,-1.27533949,1.54674163,1.63795560,1.00300650,0.98981401,0.04246253,-0.47712843,1.12980831,0.67106484,-0.32742642,0.73141291,-0.83475622,-0.22098299,0.83059168,-0.11076386,-1.00648622,-0.78683156,0.28567901,-1.18720324,-2.68544711,1.18372018,-0.50179395,-0.76304535,-0.75993190,-1.74060207,-0.35693774,-0.32953237,0.15440531,-1.61523446,-0.78166805,0.93026985,-0.43316794,-1.47469025,-1.27588254,-0.89554302,1.11193709,-0.44043033,-0.25638978,-1.30079292,-1.05459495,1.79235888,0.53444698,-0.10559848,1.25403665,-0.12751095,0.13390874,-0.24871880,-0.40060020,-0.21142369,1.17326688,0.50915863,-0.15826949,0.69167626,-0.11022678,0.20982259,-0.26842218,-0.22108880,1.40882481,-0.46815196,-1.24548167,-0.75849151,-0.54426468,1.29876053,-0.09037128,-0.70380582,-1.86181806,1.39138864,-2.05067026,1.06681171,1.00241690,-0.90463537,-0.30539611,-0.23148788,-0.12638267,-0.83044564,-0.80613158,-0.24227482,-1.95201043,-0.72365186,0.44739034,0.12577905,0.60450526,-1.01816475,-0.23012473,1.05187942,0.22114597,-2.10396146,0.47673388,-0.57581005,-0.70409084,-1.36565385,-0.91879390,0.11418760,-0.06308883,0.92853320,-2.31163482,-2.17027215,0.63432278,-1.60133201,-0.21542224,1.52759490,-0.67728080,1.92743261,0.78610207,-0.26529130,-0.88839087,0.22534366,-0.53520180,-0.56207767,0.57400817,0.31110102,1.52742652,-0.39635852,-0.20299038,1.33920612,0.40605750,-1.05503616,-1.05095683,-1.00392329,-1.62141094,-1.11613594,-0.54319997,-1.68799116,2.14721576,-0.53425827,-1.17323962,0.28285068,0.69681129,-0.35533648,-1.32096472,1.48417669,1.49517824,-0.08437706,-1.15106331,0.26762641,-1.91908969,1.33735889,1.03227994,0.42937058,-1.09731352,1.12284617,-0.12599897,-0.39564272,0.57311279,-0.74136908,0.02547124,-0.17472441,-0.60909787,-2.34849406,-0.89889161,1.00138491,-0.61787498,3.21450864,1.70164539,-0.18344908,0.38508369,2.87806651,-0.33415770,-0.37345322,-0.11306645,0.18135584,-0.57614799,-0.53415360,1.43797698,0.04053203
-0.61833892,0.40182716,0.35254547,-0.60582321,-0.56482070,0.09223051,0.15519281,1.54523101,-0.96813728,-0.57846386,0.35525557,0.45168610,-1.90987375,0.24999084,-0.86669393,0.80518008,-0.81441455,-0.24801665,0.15753646,0.29415613,-0.19564547,-0.35800136,-0.95033459,-0.62822433,-1.37793407,1.53912813,0.09746583,-1.56494129,0.61699335,-1.57449057,-0.89084460,-0.03826966,-1.01368014,-0.26850772,0.47457312,-1.85315620,1.53175230,0.68005000,-0.65258817,2.00808597,-1.09589096,1.05221222,-0.32341071,1.92451265,0.32899878,-0.19731499,-0.16001100,-0.10199589,-0.13694688,-0.33387773,-0.42173212,-0.62761732,-0.00883105,0.24953590,0.62518701,0.20428826,-0.04819868,-0.43572478,0.18912665,0.15275425,-0.38669010,1.02092997,0.68238121,-0.69458742,-0.76915629,-0.57773318,0.01301919,-0.83984800,-0.21557894,0.44516893,-0.26704537,0.17410622,-0.52169952,-0.89920283,0.31794179,-1.75595122,2.44144597,-1.01153156,-0.77159084,-0.30754379,-0.67557102,-0.65664547,0.30514285,-0.15594702,-0.47318967,-1.51334402,-0.96928669,0.11477795,0.13301917,-1.41871251,-0.21061036,-2.48528920,0.38491935,-0.44595098,1.02831560,0.42362662,1.14676854,-0.40371981,-0.07177191,-0.84922879,0.87584528,0.11248150,-0.17760662,1.20606873,-1.85462576,1.02016590,-0.82150234,0.06308504,-1.86186883,0.15519716,-0.75973496,-1.17109048,1.40311200,-1.37592855,-0.42470811,0.44346621,0.48009097,-1.34373530,-0.37941004,1.72162876,-0.46077487,1.84232783,0.30573352,0.51792305,-2.26368069,-0.43336765,1.28965498,-0.42857181,-0.80069208,-0.43758520,0.52024400,-0.95878430,-0.51180484,-0.94213770,-1.11842432,1.61186892,-1.27467090,0.70715370,0.12180642,1.19810392,0.63635346,-0.07281550,0.97577863,-0.41736013,-0.00154355,-0.76202491,-0.53437192,0.44051298,-1.32404160,1.44263775,0.40650263,1.56326766,0.01561753,-0.45247508,1.07529275,1.20359532,-0.87111392,0.20411120,0.24689916,-0.17748424,-1.15034589,-1.23820208,2.41371213,1.17509176,1.59678359,-1.65670839,-2.33148085,1.33941867,-1.02325792,0.98285916,0.63854769,0.66641529,-0.10344297,1.02973437,0.26809514,-0.53506182,-0.42839763,-1.20948671,-0.19733418,0.51060556,1.09903951,-0.33372882,-0.45883725,-0.82807500,-0.26349459,-0.71927526,-0.00461364,-0.28037401,1.83134905,-0.26978922,1.59357683,-0.60385678,-0.18622124,-0.24864241,-0.16839993,-1.21488179,-0.44783705,0.38149661,0.30983629,0.36727371
-0.51083019,-1.12608280,0.45225779,-2.31998040,1.27641302,0.00710711,0.89531261,-0.17329929,-0.83434705,1.20007194,0.60279424,0.00655837,-0.52352705,1.40731053,1.55113941,-0.60287843,-0.67881349,-0.42552072,-1.29788843,-0.21496796,0.19828875,-1.81323133,-0.71485568,0.93769669,0.09341262,-2.21833577,0.21358513,0.91914219,1.04390635,0.91275064,-0.57018220,-0.57695710,-0.38891917,0.88241227,-1.03074290,-0.66926973,0.44543012,-0.38182967,-1.53392185,0.33298233,1.06505339,-0.74147584,-0.17987395,-0.31338110,0.03308149,0.87181462,0.33202265,-0.54963579,-0.63525066,0.48525782,-1.38566555,-1.01673192,0.32055804,0.42946735,-0.78576264,-0.19066180,1.42136544,-1.39460445,0.00780045,-1.07601780,1.21822471,-1.17880508,-0.36711391,-0.12234885,-0.67297849,-0.32911740,-0.03890751,0.59217371,-1.69773386,-0.24911338,-0.40061832,-0.39612079,1.59134037,-0.58501663,0.93933591,0.49743824,-0.47054328,0.49067571,0.08371690,0.39257087,-0.58518890,1.06618098,-0.48247241,-0.22610676,1.21587100,-0.16012408,-0.09830437,0.53529645,1.66888517,-0.55160884,0.14196555,0.38754581,-0.32462729,-0.54878809,1.03528077,-0.38429828,1.41876774,-1.31172328,0.29356322,0.61306844,0.45490640,-0.87512497,-1.33329302,-0.81477687,1.05298246,1.27569271,-0.58673624,2.01695634,-0.20707157,0.80943609,-0.00613880,-0.21746360,0.94817688,1.27459068,1.14272470,0.01074751,0.32416785,0.36224038,2.07655125,-0.81512477,-0.07434395,-0.90198911,-0.05483042,-0.45067553,0.71007037,-1.01513241,1.87182904,0.64543667,-1.47165080,-0.76146471,-0.60456653,-1.58073164,1.36837428,-0.70878478,-0.53605911,-1.11376360,0.05468375,-0.21554829,0.09125928,0.57117953,-0.52643837,-0.28485847,-0.94256865,-2.43031097,-0.11815943,-1.46674630,0.99326579,0.19657062,0.36860662,-0.31895945,-1.36686884,1.02299121,0.32373432,-1.11593758,1.09483396,-0.71598143,0.90333452,0.64356572,-0.11559777,1.05576953,0.62561614,-1.82828108,0.88638598,2.25303585,0.98947975,0.09420599,0.05596077,-0.64375381,-0.51942654,-0.11135283,-0.59540510,0.03055110,2.03965759,-0.93232995,1.19997880,-0.15056324,-0.07161613,-0.12021299,1.68364747,-0.38190160,1.04221220,1.23957049,-1.10087230,0.33595907,0.35836220,0.30882775,-0.77797898,0.24688017,-0.05474426,-1.18579708,-0.77174602,-0.63870512,0.56024062,1.76251534,-0.06638859,-1.30872644,-0.63106374,-0.03818131,-0.61738596,0.37894461
-0.21396042,-1.17076145,1.30183638,0.70952244,-0.00357954,0.14583054,0.04105170,0.22232289,-1.13241598,1.36811980,1.04622814,-1.53769261,-1.69984125,1.15172179,-0.28289240,-0.12687027,0.01754525,0.61527237,2.92465515,0.05505071,-0.40844619,-0.40821739,-0.08831978,-0.68348014,0.14031208,-0.07013434,-0.54889733,-0.74414223,0.07802783,-0.58651272,-1.98226892,-0.53725103,-0.10419330,-1.22809107,0.89181151,0.80505715,0.79026069,0.16892761,0.81037923,-0.31390702,-1.07419064,0.87037737,1.04493125,-1.30657920,-0.32908125,0.09673861,1.62486110,1.00852472,0.76256917,-0.68811626,-0.03752597,-0.18372717,-0.59982560,-0.64959840,1.86040881,-0.30116185,0.78780063,0.33296764,0.04093359,-0.93907205,1.20499450,-0.16067147,0.66419174,1.15451087,-0.46910172,0.95109850,0.34533784,0.63261528,0.84114077,3.37954013,-0.55793875,-2.27841623,1.26849657,-0.16798728,0.57472701,-1.22675650,2.69956844,1.24471366,2.02377152,-1.23904530,-1.25457943,1.73166276,-2.12533131,0.39279002,0.70855063,-0.84324167,-0.08524088,1.62943780,-0.61612261,0.92388831,2.05246207,0.82279019,0.49471579,0.86375579,-0.27309134,0.81366110,-0.37399710,0.48791097,1.65697918,0.38159923,-1.28999100,1.96408351,-0.05802977,-0.15579882,-0.69133218,-1.40170777,0.37270244,-0.63694740,-0.63037492,-2.62593004,-0.04936917,-0.98329471,1.00244699,-0.37623936,1.30697451,-1.22680506,-0.78238223,-0.08799703,-0.13713574,-2.06835430,1.31371854,-0.54204940,-1.86905858,-0.42295250,1.24281368,-2.01993806,1.15827421,0.33399008,-0.15409008,-0.32919487,0.54312030,0.55488454,0.80491298,-0.99146200,-0.24269268,0.43966119,1.12916455,1.55399029,0.02064918,3.10931800,-0.61157619,0.64218005,0.35491484,-0.55870563,1.36029579,0.85745930,2.18697824,-2.08395464,-0.14109524,-0.22077888,0.34566472,1.77220051,0.21046422,-0.09376297,-0.69398956,-1.44383910,-1.43169493,1.34731086,1.17197371,0.10002349,-2.50279750,0.56006865,-1.74119825,0.67631877,1.16429389,0.11116698,1.02831629,-0.98223984,-1.54531115,-0.82258032,-0.64409792,-0.07114559,1.95525219,-0.30107654,-2.18044355,-0.41596691,-0.20865155,0.03233350,0.73677333,-0.19383361,0.02184420,-0.61989170,-1.23601790,0.03252179,-0.18154063,-0.86795055,-1.23986012,2.71614524,0.85573750,0.02996518,-0.41240979,1.70066865,-1.11240670,0.09088565,-0.15166544,-0.20118410,-0.87802534,0.14875157,-0.10816036,-2.69864606
-0.65023185,-1.38202401,1.35491989,0.20825206,1.01589648,-0.36029835,1.03147466,0.77065223,-1.46771929,0.49410130,0.49335278,-0.73696947,0.59388328,-0.93886354,0.36980669,0.19774740,2.05775083,1.82446302,-0.66219426,0.98310900,1.83730909,-1.70268875,-0.02702299,-0.72543109,-0.53424563,-0.24954667,0.92074089,1.10190663,1.40107078,-0.47184703,0.77650828,-0.29127786,0.34982929,-2.71297545,0.33193454,-0.41875396,1.30959246,1.18686701,0.88067691,0.34192388,0.39716458,-0.53103373,1.27032774,1.25367460,-0.23845870,0.71389261,-0.69585401,1.07305391,1.01042099,-0.27202710,2.43424989,-0.18270404,-1.17802841,1.52894252,0.28708154,1.09932789,1.06240660,0.96995243,-1.54289319,-0.37317433,-0.95245149,1.65225847,-0.65066687,1.89397849,0.75984444,-1.48913894,0.23646535,-0.40373355,-0.33169529,0.41120605,-0.46844144,-1.53523220,0.70670446,-0.23184859,-1.12404252,1.53681104,-0.18351572,-0.47443768,0.34138758,-0.67174877,0.71192527,-0.25052228,-1.05577708,-1.37232975,-0.35973703,-0.42948394,0.79814115,0.17169080,0.78572497,-0.27566014,1.34819355,0.16966358,0.44402219,-0.83912093,0.45134427,-1.55866389,-0.34833915,-0.85223676,1.59079864,-0.30742969,0.24806905,0.75812335,-0.57602538,-1.86300773,1.04221924,-1.73989871,1.22225134,0.53294266,-0.54424130,-0.49426005,-0.85511415,0.04365835,-0.57218778,0.61070541,0.32395769,-0.79678734,-0.66535965,-0.92991561,0.51745832,2.70065021,0.09483388,0.52063698,-0.34059605,-1.63551586,-1.18010767,-1.00890606,0.88268253,0.84099782,0.53797866,-0.88695192,-0.69595163,0.89706935,1.14392014,0.28377645,0.65208313,1.55381838,0.94094365,1.69843369,-0.24892341,-0.49343524,1.11037885,-0.04255560,-0.26373292,2.33170994,0.13427301,-1.10028320,-0.35315313,-0.99496984,-1.24377667,-0.32547026,-0.20784383,0.61646785,1.48527559,-0.60476411,-1.65328080,0.41844917,-1.69635179,-0.23383689,-0.72281249,-0.16253494,-0.43083186,0.00992164,0.47000777,-1.22815143,-2.73099823,0.31107593,0.48454106,-0.25586895,-0.76352108,-0.35346345,0.98536378,2.00358775,0.14279974,0.34589148,1.12263632,-0.45578802,-0.77598729,1.34205479,0.07522041,-1.51030424,-0.09158743,-1.27888939,-0.21961862,0.20625645,0.23316905,0.21551691,-0.51192327,0.20160989,-0.22786855,-0.69372842,-1.17327900,-0.27740774,-1.60163921,1.09060066,-1.16029909,1.12624846,-1.00257301,0.02710534,-0.25790207,0.46148790
-0.15898708,0.18401624,-0.68985313,0.01254186,-0.46255650,-0.80351312,-0.21539945,-1.36697569,-0.34342495,0.29215648,-1.13707964,1.95880871,0.85822319,1.33427819,-0.15194522,-0.12914830,-0.63571970,-1.13964420,0.80623399,-1.24591802,-0.90469039,-1.24255008,-2.11153936,-0.49705437,-0.87335585,1.15785148,1.00698403,0.49688585,0.36661492,0.65566092,-0.38750738,-0.54887613,-0.08364969,2.02492911,-1.06771491,0.36285100,0.32463995,-1.18754501,0.26877790,-1.08526544,0.75505671,-0.40662411,1.20950123,-0.17365951,-0.35967346,-0.65511998,0.32171789,0.38774958,-0.53315077,-0.52819140,1.20846487,-1.30328931,0.76280525,-0.10791626,0.44559982,1.13501370,-0.15890671,-0.64148454,-0.60464723,0.97026899,0.75634958,1.10223985,0.95992178,0.38246563,-0.25130458,1.98169832,-0.17097463,2.52922758,-0.07265537,0.85287015,-0.21678187,-1.19233504,0.78616230,-0.17648735,0.53124418,-0.63378148,0.50931182,-0.68399399,0.57829697,1.60459510,0.81319291,-0.71738155,-0.37809213,1.32382221,-0.51126854,0.01013446,-0.27753413,-0.56605316,1.06793353,0.18182003,0.02104861,0.27303361,0.93731937,-0.56584771,-2.98191970,-0.73129505,-0.63927392,0.31302696,1.38529114,-1.72255703,-0.17788372,-0.29177895,2.59601453,-2.07176209,-0.56586756,-0.13494226,-0.69833881,0.03494664,1.12563301,-1.47707477,-0.53636300,-0.24034806,-1.17675630,0.11957492,-0.24482436,0.52463022,1.83284987,-1.38436557,-0.01102654,-0.05365592,-0.06433255,0.17959948,-0.98166441,0.31763010,-0.18023646,0.98534568,-1.16331582,0.06613759,0.14010546,1.13763344,-0.45857509,1.61707398,-0.86220012,0.07465084,-2.07706298,0.96862682,0.23951042,0.79976424,-0.71374395,-0.45915307,1.07640358,0.76864951,1.04264163,-1.16658422,-0.01909582,0.29145401,-0.74619804,-1.02647733,1.13180423,-0.64129671,0.48286009,0.44354111,-0.24973359,0.72118528,-0.97908337,-0.14744327,0.58494818,0.38710857,-1.69944214,-0.92940529,-0.40465945,0.03948282,-2.26568458,0.86106374,-0.52934184,-0.92340245,-0.79834762,0.38697887,-0.01252336,-0.60180545,-1.59173667,-0.64048222,-0.84886598,0.35021562,-1.96182584,0.46094963,0.79930755,-1.26865043,-2.07271054,0.48134888,2.20850361,-0.13282100,-0.12194098,0.73892099,-1.29082949,-0.66297020,0.06896866,-1.89116788,-0.00956061,2.23628766,-0.29204755,-0.43043759,0.61808916,0.31662049,-0.26770415,0.74963518,-1.59538625,1.61200363,-1.25619443,-0.26583321
-1.65320549,0.32503076,0.22802314,-1.79445758,0.98631046,0.96550848,-1.27323375,0.82954106,1.74468889,0.45477272,0.90310696,-0.00095279,0.10828913,0.06276975,-0.76381126,0.11844283,-0.64399668,-0.69340636,-0.63693795,0.07577765,-0.33298061,-0.81382380,0.65880583,0.04051001,-0.79628771,0.19168629,1.63920097,1.55683524,-0.27253934,0.44756546,-1.86091081,0.26868327,0.56306049,-0.81816283,0.75100751,0.53971281,0.11881187,-1.57265832,1.14632090,-0.15994598,-1.59084771,1.14025557,0.05349863,0.67128226,-0.22571124,0.21049073,1.26008941,-0.84239013,0.43011448,0.05804769,-0.10852740,0.27835607,-0.18435887,1.12596521,-0.98751136,-1.33406913,-0.20707910,1.13301287,-0.50453368,-0.04930999,-0.99117661,-1.01616949,0.61459151,0.21723435,0.89152027,0.78635222,-1.50509240,-0.46089867,-0.91593090,-1.04637116,-0.48414234,1.46238068,0.94998430,0.14571332,-0.07329883,0.49947550,0.01051629,-0.92021097,-1.79857405,-1.87787834,0.13851611,-0.19989107,-0.65712777,1.37052227,-0.03939456,-0.61158199,0.11226078,1.76335805,1.14503528,0.01452093,0.41343866,1.09419178,-0.75870474,0.15113869,0.80674400,0.33086943,0.81301513,-0.43252299,-0.39968134,0.71243103,0.55960279,1.24076622,-1.51036134,-0.76539153,0.44099608,-1.38930508,0.25264115,-1.54139880,2.19443966,0.62928282,-0.86320760,0.24868674,-0.45904315,-0.98676773,0.36269779,-1.07300811,-1.63451753,0.29536230,0.21627458,-0.25746181,-1.35494692,-0.61155546,0.76021162,1.94807596,0.99037406,-0.27302569,-0.99251055,1.05414048,0.28806333,-1.19122644,0.80997878,-0.14678646,-1.12432151,0.23689061,-1.04837396,1.55357508,1.73491706,1.72003939,0.42155714,-0.53914638,0.76428098,-1.48864496,0.78804995,-0.13839673,0.20784522,1.27320715,-1.30025773,0.45594385,-1.15860766,-2.53922801,-0.11811927,-0.10820642,0.54467589,-0.03609745,0.72617158,2.20895256,0.20384484,1.18487079,0.07470861,-0.35067208,-1.00898107,0.43656114,0.22723824,-1.20566918,0.10303386,0.87120069,-1.43775976,1.39277000,-1.11650298,0.12985755,-1.01411546,0.05966089,-1.49405312,-0.21602157,-0.05128395,0.92715698,-0.48444551,-0.23184055,0.65996576,-1.71517895,0.77066610,0.01194700,0.90351093,-0.18670486,0.06651588,0.84427518,-0.04859974,0.56731912,-0.29607249,-0.14987096,-0.40247447,-1.23944325,1.56633228,-1.03042542,-1.64668415,-0.88100695,-1.10497626,-0.46397796,-1.52208557,0.23352742
2.78034649,0.05398851,0.91359336,-0.96903746,-0.10959900,0.19589428,1.75290405,1.55903766,1.55094106,0.87682295,-1.78404689,-0.17321150,-0.63014974,0.39566250,2.38776572,-0.02689364,0.54786160,-0.53790674,2.18432348,-0.53806440,-0.52542447,0.58180688,-0.70790214,1.33699656,0.80604178,-1.66581402,-0.51347324,0.70672169,0.82975156,-0.41317003,-0.20215872,-0.58798745,-0.79924377,-1.05844378,-0.82276067,0.36896119,-1.15428027,-0.05665505,1.38734630,0.62743791,1.18063436,-0.01273476,0.78295073,-1.76113205,-1.84523158,-0.48644169,-1.26279158,-0.97069243,0.13269231,-0.04470834,-1.26729389,0.50719899,0.19375712,-0.41569836,-0.70450550,1.52092884,1.04636244,0.28568976,-0.25984879,0.36617400,0.52952320,-1.42219619,-0.87675660,0.62960047,-0.08011790,0.62008744,-0.56891873,0.17181185,-0.34223845,-0.95541128,-0.27497912,1.55497916,0.03486708,-0.62644941,0.44863160,0.17905679,-2.09196458,1.02727370,-0.32242010,1.37211370,0.06569044,0.11808606,0.12207671,-0.18294992,0.56757478,0.80535955,1.92189116,-0.74401139,0.03488155,-1.87495564,-1.43440851,-1.38288096,-0.01164901,-0.95484512,0.29534586,-1.41363121,-0.94166323,-0.55940429,0.60492073,1.02116608,0.25907260,0.91061849,-0.23111108,-1.25181924,-0.74153669,0.44210192,1.12348382,1.32031343,0.63328512,0.54631616,0.26427162,-0.56315678,0.29898003,0.33285034,-0.43425709,-0.84839828,-1.77969276,0.07950502,0.71861247,-0.61570700,0.11478882,0.08387861,-0.25241756,2.88375970,0.84448822,-1.94624148,0.76588380,-0.48966170,-1.76482502,-0.34834998,0.83631870,1.16759400,0.78151843,-0.52374511,0.02202532,0.64327573,0.27568638,-1.34500362,0.07946751,-0.44461479,0.41115377,-2.12145731,-0.79136451,0.62753242,-0.16327878,0.31765472,1.32564603,1.91358448,-0.35512636,-0.17861673,0.67871387,0.23915027,1.01723732,-1.85319526,0.34681622,-1.46732532,-0.26972229,-0.70770015,-0.66978634,-1.43804493,-2.53079705,0.87362376,1.14340206,0.61408990,-0.17271778,0.55243200,-1.13380961,0.30601997,-0.37932222,1.47496812,0.84366078,1.79276279,-0.36708677,0.29409039,0.69964728,0.18650926,0.27146024,-1.18783651,0.05350327,-0.36543445,-2.10785015,-0.84503552,0.72026825,0.68476584,-1.53803170,0.10712022,-1.43777936,0.52859307,1.13097176,-0.24099602,1.17114748,0.02416526,0.14747956,1.07874353,-0.20416952,1.18214210,0.71340226,-0.18150990,0.60970630,-0.73108030
1.32132357,-0.46905051,-0.12064407,-1.96210258,0.07924708,-0.90372443,-0.67279750,-0.58138461,0.76389046,-0.79829864,-1.11709506,-0.02781485,0.74367194,-0.03492988,-1.56077457,-3.69428529,0.23926286,1.62427859,0.10785625,0.83891517,-1.08125781,-1.33349443,-0.39504320,0.17644313,-1.57411502,-0.26414830,-0.57697257,0.05790438,1.62849517,1.38210731,-0.16048526,0.53962189,0.38237607,-0.54136395,0.38326709,0.37607146,0.65303479,0.70827895,1.63613015,-0.82558081,0.47703450,0.77540928,0.59976235,-1.06501056,-0.10059728,-0.65638130,-0.43305058,0.24366044,-0.19348078,0.43736704,-0.13828692,-0.09576074,-0.92235880,0.26415883,0.44869018,0.71796512,-0.25073120,-0.34290585,2.71860493,-0.00314341,-1.78638549,-0.14914919,-2.41441933,1.85848798,1.08163856,-0.06913552,0.04121372,-0.12146540,0.87563926,0.62634034,-0.27141632,2.59994138,0.00311159,-0.60931745,0.81945192,0.25981254,-1.50109324,-0.34670478,-0.51456730,0.88335510,1.55285341,1.13787872,0.45353259,-0.21419026,-1.01133164,-0.04755421,-1.98635701,-0.08981155,0.87214801,0.66839212,1.50941198,-0.56748282,-0.27220564,1.15450545,0.92332050,1.78457819,-1.10657258,0.88992262,1.19910037,0.35374458,2.05203175,0.44799607,-2.46552400,1.12125259,-1.60557498,-0.52010816,0.52991289,2.24765675,-0.71080301,-0.06807568,1.35719649,-1.89437300,0.62924275,-1.07116747,-1.92008794,-0.00952621,-0.06123006,0.37104420,0.93173536,0.23238229,1.59682432,1.29428726,-0.78652230,-0.09968024,-0.24325161,-1.87983574,1.61901365,-0.45608184,1.08028338,-0.39771111,0.99133791,-0.48103268,1.12076096,0.32156667,0.68688425,0.70126439,0.30277233,-0.56691875,-0.82188863,2.14483890,1.51780947,0.32049514,1.23835386,-0.60734277,0.19939256,-1.60004008,-0.76051043,-0.15078791,-0.15151301,0.13449794,-1.36842593,0.04713477,0.07745931,0.25067159,0.74754390,-0.56845046,-1.49156211,0.45005288,0.36278352,0.29070965,1.43606693,0.20890841,0.77767385,0.05755510,0.12201246,-0.58381233,-0.03249585,0.20393636,0.33250899,1.32712711,1.42915186,1.61423443,-0.25663793,0.08917201,1.07463633,0.06117266,1.38729970,-2.31019695,1.59363719,-0.69078695,-0.06948893,-0.29727757,0.83111934,-0.17773307,2.01848461,0.56561455,-0.20514133,0.93293892,0.62806275,-0.17376675,1.24927962,0.84394750,1.20722356,-1.02590772,-0.29740303,-0.40436176,0.84854887,1.01054153,1.01676321,-0.34397354
-0.70641314,-0.30291724,1.46352923,1.80025237,0.46512167,-0.37158375,-0.29711308,0.35719311,-2.67841292,0.36493747,-0.37777385,-0.75905567,-0.01516994,-0.88211944,0.59518869,-0.08527085,0.97502096,-2.02646307,0.32399956,-1.54682658,-0.60360159,1.27331498,-0.51708378,1.38862851,2.01288612,0.68413107,0.56427354,-1.70782860,-0.12206853,0.80225435,2.94022225,-0.54400094,0.54403544,-0.30282510,-0.12364713,1.07110592,0.17115598,-1.16770231,-1.59485838,1.14986286,1.70744038,-1.79575236,-0.31496899,0.15683393,-0.31148949,0.02116518,0.18901600,0.95552934,-0.27450384,2.76624325,0.41471943,-0.40344704,0.37136175,0.36916525,-0.81644091,-0.04199915,0.85010445,0.41746606,-0.46616067,0.71059019,-0.12790455,0.35233641,-0.20738558,-1.19885717,-0.03518435,0.16736765,2.16290386,2.37209280,0.57075390,-1.28590315,-1.77547529,-2.21686200,2.37247963,0.06488494,0.42169801,-0.42104571,-1.17069085,1.28497565,0.02887838,0.00299419,-0.25121374,1.07923905,0.04303163,-0.11503206,1.32372207,1.24667408,-0.77371580,0.35683720,-0.72422427,2.05526564,0.57827300,-2.11944084,-0.43716890,0.59648878,-0.10095571,-0.25998183,-0.58934681,1.43606792,-1.25967938,1.68880577,0.10153703,1.06567924,0.55206882,-0.18422262,0.36305483,0.32450043,-1.76642826,-0.61890757,0.87895617,-0.04988492,0.13881838,-0.63094262,-1.25142049,-0.93202705,-1.38135842,1.69249806,0.47830751,-0.21577011,-0.44090825,1.70983578,-0.00668428,-0.62669746,0.30627918,0.86049466,0.39069475,0.66210098,-0.34153730,-0.13277390,0.10900277,0.53951660,1.34411914,0.38901977,-1.50034915,-1.67654057,1.09475635,-0.41947517,2.22477604,1.44156257,-0.72910145,-1.15913225,0.04487372,0.16420179,-0.41202775,-1.08008260,0.03023382,-0.19791961,0.24179764,-0.42172920,2.88073683,-0.29163348,-0.11194986,1.44834872,1.30797374,3.14149645,1.99908333,1.36668082,-0.40898829,-1.94302454,0.13832893,-0.27560883,-0.33023951,0.37675842,-0.14562944,-0.07367392,-0.26326656,-1.02462532,-0.09975171,1.41468615,0.34742510,-0.31057256,-0.69836255,0.17043729,0.58895951,0.30459783,-0.90026904,-1.07374536,0.97762756,-0.82162941,-1.40596174,-0.85842462,-0.94303083,0.08638357,0.43006494,1.00469360,-0.19606275,-0.90614566,-1.29088785,-0.83796172,-1.28335813,-0.44254605,0.88205193,1.75427749,-0.94534802,0.41188823,-1.11796085,0.17556561,-0.60191800,-0.24389647,1.46083232,0.60318006
0.40584429,1.37045225,-0.87496950,-0.23957641,0.38667912,1.18134654,1.03034959,0.43295385,0.67993620,0.18988440,0.51678490,1.34889281,-0.98427754,-0.99706657,0.43130782,1.48993127,0.26841139,-0.86070053,1.53879060,-0.23735075,0.11821720,-1.96497278,0.12854719,0.71614929,0.03621203,0.95344090,-0.94332716,-0.94712799,0.41254440,1.58075250,-0.62510246,0.08395643,-1.31081183,0.84444954,-0.94362197,0.24649140,0.15014292,-0.91661774,0.85608854,-1.76526162,1.07278418,-1.11084585,2.27955653,0.98867316,0.79966464,-0.75829555,0.52323536,-0.58925618,-0.49594795,0.59916114,-0.98514610,0.57070608,-1.14627538,0.00378615,0.39312194,0.62164904,0.65967834,0.83961998,0.17822739,-0.41455931,-0.11435328,1.41983492,0.45424423,1.04897133,0.15731762,1.69164220,0.21175084,0.60561042,-0.84198430,0.82341543,0.99808333,1.02208099,0.66127297,-1.01624540,-0.67214822,-1.02399737,0.73896338,0.60644189,0.43272982,0.48072111,0.15484999,-0.17568947,-0.41540346,-0.56013743,-0.62864997,1.07969204,0.52313236,1.20258285,2.76054867,0.94483722,0.48975103,0.30053012,-0.35699863,1.48948963,1.07699513,0.94574420,1.38368124,-1.23881275,-0.91948418,0.65921731,1.18116346,0.15046091,1.15202574,0.70408847,-0.73028547,-0.72385151,0.67832993,0.55357702,-1.18948026,0.18629072,-0.71572558,-1.68777343,0.25652533,0.94174846,-1.12646799,0.37170915,-0.68487844,0.84968106,0.55002524,1.23731117,0.52670199,-0.33701114,1.74023254,0.62082468,0.14965232,-0.01452795,-1.09903290,1.09148910,0.31465142,-0.23278445,-0.99275246,0.28012428,-0.87256798,-0.30575303,-1.41106398,0.05115948,0.00094461,0.43815872,1.03782312,-0.88662309,0.17093267,-0.21473710,-0.57519856,-0.41232599,0.32312015,-1.24644502,-0.11511444,1.03167279,-1.78269421,-0.22779092,0.24560979,-0.12475523,1.17181084,-0.92801601,-0.87636615,-0.95313229,0.30500511,0.91602028,1.18992191,-0.31391923,-0.57199218,0.26927201,0.66953383,-1.41761004,-0.18103612,0.89190159,0.32538227,0.21023924,1.15108438,-0.27316252,0.91610085,-0.35298470,0.72469121,0.37194656,-0.66080370,-0.70259497,-0.26175657,-1.50627848,-0.29833828,0.77574449,0.54075745,-0.89481606,-0.32781403,-0.28436829,0.31988061,0.78470976,1.08338684,-1.18434096,0.90794308,0.72423500,-0.13393560,0.42099921,0.34267575,1.30230260,-0.11158567,1.19613815,-0.62738109,0.55699474,-2.07515231,0.48745472
0.01120056,-1.91314810,-1.65255993,-0.98600400,-0.41892165,-0.29696222,-0.47242151,-0.29206809,-0.63661070,1.46408002,0.00010007,0.66968809,0.30568067,0.21993195,0.54767303,0.29890243,-0.30602962,1.58662675,-0.19234248,-0.75354348,2.46423899,1.42069036,-1.32984426,-1.67290694,-0.20894577,0.12869609,0.21657421,-1.25091053,-1.25172593,0.01444789,-0.52504759,-1.49436344,1.78994010,0.79801352,-0.24670441,0.11375258,-0.83606350,-1.07902610,-1.45935455,0.63290823,-0.19511308,0.21095656,-0.64528520,1.38136678,0.39146859,2.44009195,0.86322357,0.49897440,0.45754882,0.60049584,1.40232095,-0.91471427,0.39392402,-0.21978873,-0.97450279,-0.80954023,-0.15958309,0.32534185,-0.95148538,-1.26312942,-1.99057858,-0.15894628,-0.26864276,-1.03623790,-0.59298743,2.12787592,0.67418238,-0.34023755,-0.85754524,0.12856801,-0.19747830,1.30914299,-0.04916366,-0.80062940,-1.91711679,-1.61337587,0.67243462,0.27646765,-1.09478273,0.71409736,-0.45896991,-0.50405369,-2.65715078,0.49386032,-0.11121846,-1.14133445,0.30658291,-0.03511816,-0.20777415,-1.20076385,1.34427210,-0.28821951,0.77945670,-0.03575974,-0.49149762,-0.65106988,0.44762213,-0.24343619,0.33033365,-0.12478299,0.94568446,0.33876422,-0.08586575,0.08368248,0.31973132,-0.52245978,0.06679293,0.95991025,-1.29442719,-1.61218332,-0.46102193,-0.06866879,-0.62098889,-0.50942560,-1.32961278,-0.65199490,0.38742654,0.25486986,0.60573429,-1.11568784,1.75582304,1.37695746,-0.50676200,-0.25400186,0.11695019,1.40908713,-0.20616888,-0.38262177,0.07440531,-1.07010736,0.26667946,0.01597072,-1.08010047,0.30200060,-1.12212760,-0.06036877,0.43022310,0.80303676,0.38136347,-0.51776659,-0.57452314,-1.21334394,1.03595268,-1.07736802,-1.05817618,-0.71945438,0.79118736,0.35751478,0.47340671,1.37559287,-0.34132538,-0.72164159,1.41610675,-1.06573191,-0.57587346,-0.05546326,-0.56768060,1.04917629,-0.54600313,0.00003774,-0.11347696,-0.19021306,1.11222410,0.03619578,-0.52025755,-0.92872076,0.46732318,0.20769140,-0.52685741,-1.41586960,0.92099378,-1.24511774,0.31770101,1.36312470,-0.66941927,-0.52737658,0.11682783,-0.14163685,1.09029034,-1.55056704,0.84570472,1.27137108,0.86153696,-0.68030455,-0.94368834,-0.80424296,1.27648844,-1.43930858,0.64606359,0.17602313,0.60222712,-0.62890220,0.20524210,-0.90543120,-2.28673159,-0.50800832,-0.37029248,-0.35626740,1.68885915,1.02486456
1.28682492,-1.44985508,0.42692318,0.76900595,1.20687307,2.25097655,-1.38530803,-0.04379170,0.50839345,-0.14058949,-1.92409974,-0.06956863,1.02907937,-0.68635245,1.59211100,-0.51499070,0.43131426,1.23252247,0.73818232,0.05064818,0.27187520,-0.04589723,-0.28134765,0.14707365,1.12409634,-0.47296320,0.30320238,-0.03786877,0.75519041,0.27268897,0.80621754,-0.99148228,-1.34614247,1.39531329,-0.39630414,-0.13489369,0.18612996,-0.12829232,1.31917274,-1.39272095,1.65246844,-1.45708616,0.19707464,0.78736818,-1.58722691,0.77897859,0.72571583,0.91048850,-1.04580931,0.13111513,0.05230363,-0.56178453,0.63150406,-0.80477134,-0.73243971,0.54728260,-1.12480815,0.76056491,1.93064532,-0.89984046,-0.91458701,0.77373731,-0.75559553,-0.00857998,0.61021030,1.07039505,0.01229352,1.74188977,-0.85658355,-0.14858120,2.58636707,0.22969677,0.49217325,-0.21574517,1.77083366,1.44358114,0.30885999,0.38210060,0.78285310,0.82889409,1.26547711,0.53209995,1.60359563,0.05558332,-0.78080414,-0.47689521,0.06091171,-0.46856343,0.04018233,-0.79801520,-0.19803191,0.36221854,-0.01242422,0.00192123,-1.86902670,-0.66618111,1.26037626,0.39259907,-0.94715800,0.92590314,-0.69893821,-0.59572673,0.80591610,-0.02045365,-0.76054028,-0.87146067,-0.07855746,0.21769241,-0.09526412,-0.62372574,0.89283569,0.02074766,-0.80504565,-1.16066041,-2.19861622,0.57435097,-0.37473485,-0.98650676,0.60254115,-1.62604158,0.42413793,-1.57619168,-0.52314233,-1.23681451,1.32363545,-0.26288943,0.90060965,-0.58831117,0.93156605,0.39012294,0.36135777,-0.90368429,0.65319797,-0.52373329,-0.43770072,1.24120613,-1.80776558,1.08962794,-0.58509662,0.99938783,0.97939562,1.75268585,-0.16278112,0.07898981,-0.60085166,0.64239564,-1.37180038,0.81774754,0.13336605,-0.71166027,-0.73720157,0.01932814,0.58165119,0.63221217,-0.95122152,-2.31983213,-0.12256266,-0.75482997,1.78499834,-0.41721340,1.18106987,-0.68308924,0.93885493,-1.23632663,-0.67320351,-1.17390469,-0.37623278,-2.27014923,-1.87411845,-0.94678534,0.18458310,0.02909701,-1.13322531,1.54818976,0.66772890,1.65653782,-0.18139218,-1.44721579,-0.94936806,-2.32034142,-0.10470004,-0.53620391,0.15036308,-0.21194921,0.19519751,0.35948866,1.10711658,0.55416260,-2.23916781,-0.09821999,0.14999482,-0.20383798,-0.36412522,1.23277257,-1.04285209,-1.18576850,-0.37586749,-0.74379278,-0.52588804,1.60902139
-0.54770223,-0.58310582,-0.76932432,0.95921919,0.76127228,0.62888214,0.48546509,-1.07460760,1.00548172,0.02611125,-1.34652690,0.85690975,-0.84025958,-1.00348213,0.03400533,0.63265792,0.06247230,-0.82728019,0.98727151,-0.64932582,-0.01246879,-0.05107851,-1.00206634,1.76536332,0.65319347,1.78066488,-1.21491585,0.19735685,1.22486331,-0.68919777,-0.58061484,-1.40913545,-1.44529002,-0.16210546,0.25534841,0.56079427,-0.37151350,-1.28199652,0.16131924,0.72838059,0.90182431,-0.46993303,0.75225095,0.04734760,-1.45659710,0.28736786,0.61050891,2.30870934,-0.43784697,1.58610546,-0.09023957,0.24505580,1.66657953,-0.28755494,-0.62673895,-1.12000781,-0.11769277,-0.98841217,0.09988170,-0.31041164,1.66406147,1.80473433,1.70790731,-0.29459251,1.45360717,-0.90420273,-1.52504319,-1.24162274,0.95115912,1.66402857,0.91496853,0.53484837,0.02712471,-0.41009656,-0.49232598,-0.52845246,0.73269698,-0.63204438,-0.13617453,1.78209043,-0.41027029,0.11495792,0.41760892,0.56158583,-0.12415025,-0.27119724,0.83391887,-0.39118424,0.80351211,0.43473856,0.32563362,-1.09127317,-1.10642629,-1.00239134,-0.00143432,0.65720469,1.17685066,-0.16121582,0.24305385,-0.42069962,-0.68188189,-1.54585996,-0.44153175,0.86013188,0.56826819,0.50936773,0.67393424,0.28021122,1.00926130,0.57396931,0.47837411,-0.71887058,-0.75552104,-1.27737892,0.96739355,0.71698511,0.63188385,-0.35103493,-0.27849354,0.92457705,0.14561177,0.85969483,0.58703201,0.32222055,-1.10588435,0.13100719,0.13518623,1.49766589,0.06425766,0.98059662,-0.26256223,-2.02290849,-0.25779112,0.84595188,-0.98166842,0.04944784,0.16332822,0.88723811,0.23461727,-1.45536687,-1.20758238,0.98997962,-0.72651931,-0.10706891,0.43150219,1.55110588,1.06488960,1.25135035,-1.61798995,-0.19605406,-1.11745630,-0.06272790,0.36480601,0.49439885,0.46997388,1.58970468,0.47870732,-0.25949795,0.98392390,-1.12964459,-0.21516890,1.86681692,1.23590914,-0.78762037,2.24102165,-0.60018426,0.67904064,1.93866161,-0.27161530,-2.49879970,0.79886511,-1.73523959,-0.84881547,-0.24051591,0.00226035,-0.85651769,-1.76553633,0.02277966,1.16786830,1.59774618,0.61377640,-0.15608997,-1.22492640,1.06913207,0.80026711,0.90794858,-0.58123961,-0.60965648,0.84140079,0.85746568,0.81949888,1.91662273,-1.24813317,0.12762022,1.20272166,0.62844209,1.83888091,0.75309415,-0.58103281,-0.19837974
2.46998202,0.58701674,-0.39735265,0.43354964,0.50029709,1.23683451,-1.01922488,-0.47222434,0.14299328,-0.66437456,0.99917027,-0.72302268,-0.92426843,-0.65635889,1.81479252,1.04811634,0.59639199,0.31610439,-1.57050427,-3.04824739,-1.49115687,-0.56200169,-1.57622674,-0.27922167,-0.01830456,-0.34274290,0.43256595,0.08419408,-1.55967176,-2.39544732,0.66504840,0.91648318,-0.69957669,0.75926062,1.96539947,2.17787281,1.36792811,0.31847233,-1.37537414,-0.54087199,-1.32422626,-0.04862502,-1.47431691,-1.90597200,0.45850151,-1.35630250,-2.10270576,-1.61602468,-0.81118457,0.68331753,0.34315168,1.06792108,0.39673258,1.37476234,-1.92524103,-1.56214344,0.35670340,0.16092193,-0.45977744,-1.51416794,0.23314786,-1.26187522,-0.75120575,-1.01662302,-0.50662051,1.91426413,1.30551770,-0.35824054,0.34103988,0.71596339,-0.90263308,0.90617017,-1.35937964,0.25644736,0.63715053,0.45072385,2.05585344,0.46745008,0.40089210,1.14212831,-0.78055606,0.87546632,1.10914713,-0.47404328,-1.04710918,0.56968871,1.46109120,0.29379216,-1.35952679,0.59483800,-0.52596764,0.69797466,2.61880327,1.78603730,1.38166295,0.36459306,0.64138581,-0.31795264,-0.66943404,0.85317602,-0.56128383,0.65407657,-0.71738100,0.71710450,-0.33372629,-1.26966863,-0.31916217,-0.09516025,1.64372819,0.41040229,-0.67912175,-0.53430522,0.12366377,-0.68675270,0.43270322,-0.98990778,0.35203619,-0.03722903,0.09549443,0.89245355,-1.38974812,0.29081541,0.14337421,-1.20024834,-1.15785446,0.20180091,-1.73307886,-0.39009809,0.34424342,0.56122100,-2.37357965,0.46772750,-0.87552775,0.38402008,0.71400262,-0.01611843,-0.23271603,-1.36611003,1.80170987,0.10959808,-0.91403142,-2.11669913,1.53491933,1.51718432,-0.78312140,0.87593967,-0.33500743,-0.62587613,1.10881633,0.16593104,0.38591336,2.14674389,-1.48198636,-0.10447660,0.02275157,-1.32478564,-0.04603975,-0.21998316,0.32237819,-1.87054609,-0.28600348,1.38357262,0.07564849,0.77987001,1.18551696,1.07934718,1.53228936,0.48338153,0.71118214,1.29757216,0.56302461,1.65980742,-0.30588657,1.00041667,0.23991355,2.00367895,-1.02728723,-0.28981596,0.33974529,-0.55360590,0.18571425,-0.80853848,-1.54345281,-0.00071628,1.08819721,0.68453157,-1.84244156,0.61059187,1.37322169,-1.06014701,1.19962008,-1.22305797,1.11861402,-0.63855574,1.10055218,-1.84982626,1.97586205,0.37484215,0.90240315,0.66655916
-0.54077114,-1.13867667,0.86667198,-0.72721057,-0.55728668,0.33352007,0.24192283,0.13566317,0.06344595,0.50710936,-0.19763525,-0.16333608,3.03075787,-0.63174937,-0.26432668,-1.22774524,-1.04200665,-0.28369929,0.83685563,-1.43682584,-0.41214443,-0.17268932,-2.32777558,-0.57357324,0.46457210,-0.10249185,0.91240090,-0.91020845,1.38759673,0.70807643,-1.59102933,0.19356486,0.86005739,0.33660488,0.45069847,0.65147688,-0.07648572,-0.56737712,-0.29626035,-1.19832014,1.09307221,-0.45482457,0.90744304,0.07704488,0.87465699,-0.27660158,1.23797825,-0.06648548,-1.24373255,-0.45747198,0.75073607,0.65562584,-0.27044473,-1.59173970,0.91738699,-1.81836975,-0.66146656,1.04136973,1.25647325,-0.52876455,-0.78689118,0.47603748,1.40047991,-0.39121792,-0.33196360,-0.12743844,-0.34864011,-0.58745517,-0.40418327,-1.26260198,-0.27358733,-1.83024407,1.12720533,-0.91030274,0.93634893,1.70443315,-1.44054991,0.12135280,-0.74320285,-0.39497741,-0.62196190,-1.02704288,0.39886152,-1.20372411,0.08796466,-1.01232455,2.27034314,-0.19865198,1.01428032,-0.57656763,-0.18503071,0.92181532,-1.42153039,-0.30459886,0.87814555,0.48394672,0.34068281,0.13857293,0.55305416,-0.21786392,0.65720062,-0.76609213,-0.15047877,-0.69551245,-0.80399058,0.19356972,-0.61076885,1.47757507,2.14820105,1.27060981,0.89195484,0.55179452,0.47459061,-1.37499988,-1.96281058,-0.24415993,-0.27566951,2.37506998,-1.01250359,2.36278689,-1.04842277,0.02029455,-1.62914370,1.54604551,-0.26267018,-1.37169354,1.74483723,-1.90039648,0.73401603,-0.97199278,0.48787703,0.84265570,-0.00369956,1.16088899,-0.14461192,-0.38673105,-1.20607085,-1.84270137,-2.17629013,0.54014576,-0.52321919,0.68636976,1.72527603,0.94533780,-1.22718727,-0.52876250,-0.55739311,1.14002073,0.85317715,-0.78745941,1.48602899,-0.39668333,-0.86534815,0.66828716,-1.34601194,1.11013934,2.53743983,1.57810096,-0.20741640,1.18106337,1.38765785,0.43438700,1.01873591,-0.34698725,-0.06979000,0.68497159,-0.79386392,1.08106829,-0.78733402,0.48754998,-0.58901963,0.64281143,-0.53718036,-0.03205375,-0.63552265,0.28400489,-0.72317349,1.67579853,-1.37490763,-0.18713422,-0.55092654,0.22475841,0.09632289,0.53433226,0.41776185,-1.05382661,1.70334222,-0.10413695,-0.56897117,0.14490212,1.51011700,-0.80775669,0.16350770,0.36817937,-1.36972882,-0.90264476,0.14192335,-0.43550321,1.47094504,-1.29945593
-0.13987741,0.40567115,-0.92793408,-0.40083367,-0.18323182,-0.49327727,1.18105892,-0.42948853,0.25869550,-0.60263663,-1.69493101,-2.42814589,0.33604146,0.00076516,0.64524244,0.00137410,1.26196089,-0.62949142,1.07557147,-1.69460456,0.41382192,-0.90134275,-0.91539437,0.27507784,-1.77456326,1.24230495,1.48530679,0.65823619,-0.49449462,0.85802679,-2.52565992,-0.44168459,0.03588544,0.26374126,0.13960948,-0.21139244,-1.08501398,0.86673381,0.68636315,-0.78806959,0.25639940,0.62762500,0.57654706,1.03766482,-0.89504241,-0.73744706,-0.57335804,1.54682996,1.01803026,-1.35523036,1.50832384,-1.50159842,-0.43310977,-0.72361145,-1.26523030,1.83552196,-0.94919050,0.78455285,-0.10049512,-0.91719061,-0.62485054,-0.54340994,0.29368888,0.74763007,-0.17596795,0.74152067,0.16362396,0.39136402,-1.04063754,1.59666857,1.71575120,-0.91933673,-0.51556119,0.38663834,0.35023488,0.60127528,-0.27289332,1.01084801,-0.36075901,-0.93527387,0.01139442,-1.08774273,-1.20355894,-0.57968969,0.08646686,-0.71015659,0.05311136,-0.71700585,-0.09521483,0.39252674,-1.03888730,1.16413669,0.46816515,1.26972565,0.58559697,0.80541798,0.54593670,-0.01930089,-0.07993925,-0.70315323,-0.33327824,0.87634954,-0.32755368,-0.08994655,-0.78040688,1.59767912,-0.08456931,-0.83809306,1.29194818,0.38014216,1.06504647,-0.49155141,0.37968882,0.30824225,-1.25154261,0.85748848,0.04536266,-0.89946468,0.18178090,-0.39826112,-0.42458301,0.47597238,-0.51969420,0.90842864,-0.25744485,0.66698912,1.45428436,0.69655211,-0.40260681,0.43689757,-0.14500762,-0.72130811,-1.90502752,0.18930246,2.13573733,1.51238666,1.45418215,-1.63854530,-1.59100880,-0.69392454,-0.87852212,-0.80759296,-0.38121211,0.80937257,0.27983133,0.52701798,-2.36643814,0.51304612,0.09161179,0.62627857,-0.74364127,0.32772033,-0.77600070,-2.50680398,0.47595557,-0.90101945,0.01456298,0.89876226,0.33531922,0.96066776,-0.28746780,-2.99396000,1.25045792,-1.17208815,-1.03566496,0.69581311,0.49480871,-0.45726094,-1.64356226,1.57446165,-0.03005523,-1.00096583,-0.93113937,1.07329665,-0.23619304,0.23715018,-0.58396920,0.85371576,-0.21814553,1.76592770,0.20915796,1.58329228,-0.16128367,-0.63096077,-1.76149166,-0.55879006,-1.02420209,0.03772865,0.47328487,-0.19180841,-0.01631360,0.21896013,-0.97287847,-2.52771129,-2.95864333,0.62489365,0.99542826,0.99039956,2.01939798,0.42398556
0.80245609,-0.28744797,0.27072437,-0.70166781,0.36061940,-0.36742400,1.89431607,2.42826381,1.55653934,0.81084660,-0.47956119,-1.80679571,1.32259593,-1.46954404,-0.47300645,-0.11115532,-0.16332125,0.73731091,0.06972049,0.13907573,-0.57230368,0.19457791,0.49349517,0.86713964,0.04009379,-0.87540992,0.37544699,-0.11425369,-0.47616538,1.79664113,-0.24971293,-1.34561190,-0.25318465,-0.01738949,-0.85814472,-0.81822920,-1.21034766,-1.89576424,-0.54624122,-0.32782539,0.41814034,-0.80276784,-0.12488406,0.36696720,-0.43202866,-0.64318206,-0.36691721,-0.41807906,-1.11143946,1.56624144,0.49665588,-1.52712587,1.68093459,0.94524256,0.79262746,-0.12601833,-0.34149771,1.11501463,0.76289270,0.71863949,2.06086561,-1.14270876,-0.67209559,0.42386270,-0.26744305,-0.12001735,1.11190611,0.20465803,-0.17423342,-0.68993362,0.48958048,0.59280091,-0.68941599,-0.79274130,-1.30920831,0.65994618,1.15923435,-0.64715769,-0.85307969,0.25300796,-1.23498039,-0.46981719,0.63780224,0.06460756,1.26651303,-0.00353026,-0.42640214,1.95575796,0.33683312,0.19420387,0.29766156,-0.24479349,-1.17202288,0.00221872,-0.56813179,-0.00831577,-0.24234044,0.40796945,-0.40259512,-1.66686781,1.10767162,1.17427900,0.83711759,-1.20491959,0.89897208,0.50698723,1.26500529,0.54798332,-0.61056353,-0.73249125,-0.76061373,2.35261280,0.32322495,-0.09745265,0.49106575,-0.39902363,1.58608637,0.85550518,-0.16182838,1.53607220,-0.01871156,0.45340553,0.50445348,-0.26991932,0.78311862,-0.03104939,-1.53552666,0.17402123,-0.57084856,-1.20329137,1.01335729,-0.99256486,0.61938215,-0.50090044,-0.09487462,0.52102031,1.49050106,-0.03420990,-0.74310339,-0.10098467,1.38033704,2.71751471,-1.66638251,-0.63938725,0.22102414,-1.61143586,-2.29161400,-0.16366918,-0.50866221,1.32647825,-0.71731575,-0.67729711,-0.39503920,1.39927918,0.41344558,0.93337905,0.89933082,0.20486728,-0.28987630,-1.48703058,-0.02249085,-0.61000937,-0.09822513,1.42432544,-1.54672196,-0.39934154,1.22594487,0.12476673,-1.80181974,0.42285243,-0.28303359,0.20861406,-1.86420356,0.27949177,0.89125321,0.47640156,1.11698587,-0.80975563,0.69179063,-0.55107553,-0.17111652,0.72427816,-0.18629113,-0.80043937,0.17348510,-2.33277117,1.07293984,-0.00541448,-0.69065838,0.19497004,1.15267284,0.62777222,-0.41680840,-0.49859507,-0.44154474,0.47590627,-0.99951899,-0.05564267,-0.89054409,1.51503531
-0.40120768,-0.51043946,-0.35795003,-0.88767615,-0.12606234,1.21007452,0.31632795,0.11742083,-1.04885991,0.80064210,0.81935868,-1.42360614,0.05302694,0.84193330,-2.38112855,0.31232600,2.03165901,-0.13342413,0.95667498,0.31053713,-0.02800054,0.16981627,-0.64347940,1.46874399,0.82234289,0.52536474,-0.94143220,0.25012206,-1.43060632,0.44175588,-1.33919122,-2.17901654,-0.65639059,1.69052514,-1.03241592,0.01059663,-0.42650255,0.17742873,1.10158053,-1.25040854,1.99621701,-0.75487282,-0.44958311,-0.12607958,-0.91686220,-0.53865155,0.40528735,-1.68973026,-1.10167095,0.30247354,1.59436569,-1.40923452,2.66075531,1.10714858,0.23904238,0.45731635,-0.18074342,-1.90986072,-0.30151426,-0.59536112,0.16851416,0.38140099,-0.01965455,0.11719968,0.53797507,0.03003178,-0.75849583,2.20507278,0.76472781,1.41252451,-0.65006679,0.78428955,0.64722343,0.13682638,2.14484041,-0.46796645,-0.36906259,-0.83056385,0.48295500,-0.42606198,2.00361539,0.89085246,-0.45783073,-0.46670370,0.56532731,-0.21037564,0.06544992,-1.05637931,0.83892030,-0.91458998,-3.00741313,0.86343057,-0.31656323,1.31813330,0.77710427,-0.37286615,-0.99754656,1.30156301,0.58091661,-0.19919854,0.46158963,1.68883975,-0.94769195,-1.05681652,0.63258363,-0.22037042,1.19942466,0.22824628,0.76486399,-0.62542040,0.01228581,-0.12406461,-0.35592693,0.54512788,1.28976435,-0.14182772,-0.02378323,2.41645835,0.31285136,1.25837597,-0.01833208,-0.29046478,1.12637555,-0.12718038,-0.69914236,0.43503177,-0.99301306,-0.07328881,-0.00967559,0.60823513,-1.46229952,0.37340084,-0.25167319,-0.55491351,0.27045321,0.88394444,0.94803369,-1.77322367,-0.34000335,1.08015453,0.40767425,1.10922352,-0.50903544,0.01546627,0.80818638,0.14445854,0.48382447,0.40029396,-1.85774296,0.08330025,0.10597787,0.79522426,0.03753057,-0.01920108,0.57080490,-0.67499905,0.64729190,-0.57784708,0.57682223,2.38132256,-0.88828103,-0.03708025,-1.58188501,-0.54036370,0.92238072,0.87686108,1.68236040,0.46416880,0.55472705,-0.74763078,-0.10796921,-0.57368782,-1.19336676,0.21925751,-0.13251378,0.02944133,-0.72026269,0.07288216,-1.44404033,1.10757119,-1.73809943,-0.31226499,0.51268119,0.05206032,-1.67524907,-0.45723302,-1.44030762,0.32792960,-2.20799447,-0.29307239,1.52506432,-0.74368150,0.12350632,-0.95595096,-0.78315125,-1.13318454,2.11021602,1.41938754,0.74710667,-0.10630249
-1.96265255,-0.83403203,1.99383675,-0.66665975,0.97629016,-0.80302110,1.00350985,0.43841844,1.19323027,-0.26714447,1.65375941,-0.03009327,1.74052855,1.19749267,-0.27309034,-0.41482943,-0.91990486,0.97153794,0.24953936,1.98604775,0.36322843,1.04934725,-1.78634509,0.49606389,-0.52531540,1.20823925,0.71669506,-0.12282794,0.54771104,-1.19761444,-0.40632515,0.17086015,-0.50237683,1.98162107,1.49449578,1.34868379,0.13015451,2.25984895,1.06080198,0.68284384,-0.19699617,-0.09423104,-0.19659686,-0.01453435,-0.49771359,1.46215858,-0.53651419,-0.18092677,0.00455703,0.56907784,0.75863717,0.20468571,-0.27279316,1.08852358,-1.15142539,0.06652333,-1.58807436,0.81202667,-0.05266544,0.07286083,-0.00963580,-0.17735853,0.80136682,1.67970462,-0.27652798,-0.52273670,0.46522828,1.00625746,-1.02380088,-0.31710052,2.15902397,0.17936519,0.29743797,-1.78055244,0.23658865,0.58389006,0.86895894,-0.16192970,-1.82518624,1.05259976,-0.73669342,0.22322836,-0.21246115,1.12248776,-0.52537069,0.84293357,-0.45477393,0.21392905,-0.35297437,-0.40052516,-0.35882863,0.53428500,1.06972136,0.36273760,-0.61809359,0.72062307,2.35634761,0.78811797,-0.11044937,-0.10203424,0.99287309,0.84166310,-0.21094185,0.05945523,0.17145732,0.97360610,-0.25364090,-0.50907254,0.20919520,-0.39523165,0.67344739,1.84925097,0.54061583,2.16660731,-0.40172582,-1.05041583,-0.54100041,-0.12756099,-0.86539985,-0.74393794,1.72019739,-0.35310418,1.33648664,-0.63557591,1.07521557,0.15544131,0.84998418,0.28789560,1.38315960,1.08692055,-1.91452198,-0.64466219,-0.64763342,0.58670155,-0.13302630,0.33559343,-1.06359308,1.16243792,-0.20878042,0.99655288,0.47093348,-0.78884882,-0.90049278,-1.55063515,-1.18852248,0.04625470,-0.24470222,0.32376092,0.58153058,-0.01169306,1.90051522,1.50960682,1.06252759,-2.68019005,-1.49285820,2.75041437,1.57354408,0.11967022,0.27306368,-0.63647153,-1.67274748,-0.67432527,1.05823658,-1.66585496,1.02745004,0.82107241,-0.32790284,-0.56120897,-0.84805192,-1.22794385,-0.68002843,0.93413331,-0.08536533,-0.60746750,-0.57001427,1.15543755,-1.68810102,0.83317844,1.50762631,1.90439894,1.41814320,0.67057911,-0.21547977,-0.19856494,0.86346967,-0.21860400,-0.72600906,0.87448639,1.08697401,-1.02113633,-0.49840467,0.05501924,0.18308840,0.81260106,0.81612649,-0.85692689,-0.18543673,0.97965763,-1.78512190,-0.42859496
1.23042530,1.01960490,0.19566995,-0.96083780,0.05856507,0.59799000,-1.11068975,-1.03790484,-1.70219564,0.23717106,1.36187723,0.13088002,1.54239734,0.05216973,0.32959212,-0.34514421,0.05857413,0.25261682,0.17406478,0.03355230,0.69943045,1.51051294,-0.45032691,-0.43635056,1.30069825,0.88598317,0.67833659,0.73635583,-1.72340256,1.45703124,0.87746704,-0.63890594,-1.00639316,-0.46068851,-0.74910796,-0.45810983,0.00560979,0.30339539,-0.59419768,1.01644428,-0.19510337,-2.02429925,0.99501969,-1.64794715,-0.29195988,-0.47428000,0.88093183,2.03868074,-0.19767016,-0.38743212,0.17741398,-1.53802107,0.76910811,0.23602603,0.13403317,-2.06858332,-0.44242631,-0.29431029,0.74424015,0.53016640,0.07968190,0.86755738,0.12076590,0.43638369,0.39571247,0.46117732,0.63544210,-0.63717997,-0.30565329,0.46514691,-0.12466289,1.18260979,-0.07135019,0.48115185,0.03637940,-0.40161690,-0.26746330,0.33932847,0.56430746,-0.98514665,0.53676433,0.80511728,-0.76235183,0.35416017,1.13962745,0.75836370,0.48197997,0.54932123,-0.27797936,-0.54164479,-1.07290453,2.44942995,-0.49522097,-0.91346378,1.05999065,0.65197613,-1.11022338,0.37368179,1.18241808,1.04321988,-0.18110214,0.30578046,1.55372111,-0.32248171,0.34178836,-0.76277175,0.38775694,-0.59051663,3.12623299,-0.06367072,0.29486130,0.88576604,-1.39190020,-2.07595214,2.01396001,0.51815053,0.21925025,-0.45902922,-0.73268759,-0.07435091,0.27770311,-0.05899956,0.77158769,-0.15872775,-0.56206468,0.35773149,0.35530952,1.76089790,0.38874536,0.28692496,-1.50578005,0.13535694,-1.13869967,-1.73521307,-1.09720822,-0.89256063,1.00900108,0.44167371,-0.18956525,0.50864883,1.21490999,-0.56470543,1.06125162,-0.05786604,0.37081755,-0.05418417,1.82252257,0.30278673,1.02383955,-2.00853897,0.04819171,0.38973013,0.22233831,1.15340717,0.82079226,0.09085444,-1.38417044,-1.45761562,-1.21299187,-0.92779190,0.16234299,-1.02629095,3.59831010,0.60177455,0.56727707,0.65446245,-0.93018516,0.16826074,1.41093654,-2.05519135,0.92049593,0.01096596,-0.03559777,0.14398557,-0.22962976,0.97065810,1.02311667,-1.03169683,1.82011684,-0.26334115,0.49736643,-0.87612623,-0.76980002,0.96600031,0.22493063,0.28092851,-0.93305007,0.45478366,0.54249050,0.00418359,0.80233046,-0.37182660,1.34093253,-1.73077221,-0.09296732,-0.14647889,0.60542713,-0.35845297,1.15621125,0.31907750
0.90311672,1.10984059,0.33191990,-0.72256557,0.02923265,-0.67986000,-1.09653021,0.80278905,-0.21965854,-0.67848618,-0.68618362,-0.97496027,0.65592766,-0.20363714,-0.57182956,0.26532741,0.32443802,-0.03645706,1.83940600,-0.82067123,0.56050047,0.37069097,-0.89483673,-0.10998704,0.98261957,-1.89206128,0.83556302,1.19130912,-1.78929804,0.81854642,1.16646097,-0.63840631,1.43651771,1.89910875,1.44809951,0.53535792,-0.10149338,0.23173286,-0.04898915,0.27881067,-0.35300181,0.70076972,0.82519607,0.54464639,-0.24031465,-0.22285657,0.66807205,-0.91879308,-0.06261896,0.33461160,-0.01442870,-0.93122369,-0.14104518,-0.17797606,-1.49480400,-0.84913956,-0.60128379,-1.14726144,-1.04930523,0.90510191,-0.85283278,-0.87175353,-0.81672392,2.20112293,0.59124803,0.77811692,-0.88847678,-1.38193855,-1.16334922,1.29377929,0.37121324,0.12896527,1.70888304,-0.12126675,2.03754251,0.24148573,0.59443653,0.65918211,1.25094383,0.87740404,0.07649769,1.62240484,0.20657408,-0.83754502,0.36080265,-0.73115442,1.88015526,-1.22503653,0.72596574,1.44831568,-1.57104103,0.89286594,-0.17762173,0.58286693,-1.10924149,1.06937811,1.74716165,-0.06383447,-0.28432837,0.12090720,1.77355567,-1.40857126,1.35868842,-1.77955032,-0.57708052,1.83896013,1.53335220,2.29698020,0.61702764,0.58315828,0.00163004,-1.43454582,-0.33126249,0.72810461,-0.06124307,0.17042095,-0.73992509,-0.95882740,1.40421225,2.07582262,-0.75479423,0.05726881,-0.99249843,1.14475587,2.07380889,0.41444588,-0.49100287,0.87204248,2.17473583,-0.34113896,1.14942081,0.38933367,-0.26158061,-0.13367767,0.35664483,-0.19483686,-1.10854425,0.04525411,-1.64674447,-1.09869566,-0.45813893,0.92939732,-0.94444051,2.24827359,-1.89374671,-1.09400964,-1.53366228,0.97425262,-3.26724408,0.59692959,-0.42296831,1.94102462,0.34614831,-0.19291894,0.85083937,-0.89420777,-0.06580584,-0.90404912,-1.67637913,1.98278401,0.41410211,0.72169856,0.33409858,0.45294604,0.39483491,-0.39167909,-0.65010900,-0.17619950,-0.49105799,-0.95180614,0.53225959,-1.15813779,-0.78284302,-0.87847410,-0.75120398,0.25151046,-0.79268725,0.90310175,-0.66200302,0.20998654,0.11035559,-0.34092322,0.33467415,-0.56108014,-0.69029848,0.64541243,2.11487839,-0.19167477,-0.50366077,1.38818073,-1.23805843,1.71916364,0.32219490,1.52097939,0.37386956,-0.78065922,-0.43777431,-0.39967607,0.95279021,-0.19832014
0.23407382,-0.31729704,1.41592158,0.75295952,0.77958010,-0.21629864,-0.13582346,-0.96134364,-1.37322187,1.20920612,0.65371664,0.03399155,1.49294987,1.32073749,-0.76523944,-1.01776526,-0.63629115,1.27556969,0.00883825,1.08999948,1.22257224,0.78334308,0.40430755,1.79098011,-0.34798948,0.78313356,-1.41790240,-0.11004840,1.29008060,0.24641161,0.95152717,-0.30986864,-0.36692497,0.09780107,0.88645837,-0.18779621,0.57020412,-0.11599909,-0.35018037,1.90291437,0.30999962,-0.53025051,-0.65660039,-0.46875708,0.92241682,2.47048463,0.00350638,1.66071699,-1.13338600,0.15730233,0.17330976,0.30553401,-0.14167917,0.30561499,-0.51853163,-0.27800539,1.10153457,-0.90354062,-0.49518103,0.85985881,1.04298139,0.26649827,-0.02988523,0.85337062,0.00397145,0.95650805,-1.59218896,-0.89139085,2.33643540,-1.14694714,0.06772236,-0.92676054,-0.20411930,0.30631765,0.22141033,1.01465389,-0.25586038,-1.39438493,0.14685038,1.32974470,-0.81425882,-0.21323567,2.49951436,0.08999440,0.04299802,-0.15379147,-0.42660381,0.80560058,1.18918028,0.29745224,-0.14547596,0.14571742,-0.03815327,-1.46346142,-1.34621422,0.06640031,-0.78659754,-0.93069247,0.32329109,1.35161239,-1.35572635,-0.57649612,0.29374079,0.79604452,0.20031037,0.33354372,0.11457932,-1.44735579,-0.35510945,-1.26913131,-0.14877700,0.16368304,0.93602582,-0.76652874,0.58420795,1.23091659,-0.83028615,1.63846369,-1.68867165,0.72599442,-0.99841054,1.08057312,-0.46802685,-0.33588563,-1.34714294,-2.39891997,-0.84780841,0.18989775,0.72702195,1.84512466,-1.45188324,-0.17550707,-1.79721414,-0.32090513,-0.25355207,-1.19918471,-1.03666660,-0.37195975,-1.23354563,-1.32547989,1.11533134,-0.59361272,-1.23548671,0.43934610,1.69916712,1.62038327,-0.02441005,-0.30544884,0.99637831,0.53205347,1.10513253,-0.36068904,0.48094770,-0.62041197,0.62241917,-0.98396158,-1.04259227,0.82855602,0.66905048,-0.51706338,0.12273433,-0.53665042,-0.42307062,0.44947411,0.08015489,0.32856716,-1.45528297,-0.05456150,0.39510061,0.87495832,0.78181651,-0.74383982,-0.39832624,0.07703729,0.19639457,0.99163867,-1.03972817,-2.11353305,0.24991908,0.80487716,-0.01075340,0.61057709,-1.09898145,-1.49577852,0.55903587,-0.49768195,0.00387338,-3.16997860,-0.50230113,-1.22778628,0.90485260,-0.33071991,0.32363579,-0.35068937,-1.84656716,0.24237982,-0.87119989,0.55524274,-1.02524540,-0.98518355
-1.03361415,-0.30723777,-0.30156512,0.93007196,-1.16345355,1.52374390,0.46039670,0.98463021,0.76026516,1.26973212,-0.39057045,-1.49832174,-1.47233372,-0.73049066,-0.25987590,0.82504316,0.75442113,0.64442822,-0.83836226,0.29677974,0.75231255,-0.77642436,0.79586080,1.20569282,-0.96626411,-0.93354203,-0.16796616,0.27409475,-1.58479268,-0.75981611,0.06637538,0.48859375,1.43346100,0.12233807,1.27518492,-0.55948343,0.45351329,1.40813468,-0.41101037,-0.46897753,0.14228611,-0.07786756,0.63958886,-0.54742817,-0.18781979,-0.57661338,-1.87323285,-0.12121310,-0.06128584,-0.15279924,1.80273523,1.42758836,0.45267866,-0.02161743,0.76228016,-0.15405535,0.42282287,-1.24673432,-0.56748416,1.26956702,-0.83084763,-1.93461091,-0.57545216,0.25824438,1.05782573,-0.42692598,-0.41873131,-0.59741010,0.75098165,1.03724122,1.21709062,-0.07230763,-0.94540783,-0.25356879,-0.05660874,-0.15779851,0.75686534,1.44141379,0.40877262,-1.50483193,0.49685558,1.29939116,-0.92329764,-0.47929423,0.65988874,1.92386533,0.04581177,1.75949871,-0.23774874,1.25780101,0.09032841,-1.47574543,-0.77475139,0.15005435,0.52817604,-1.50533659,1.37026444,-1.53422923,-1.85760053,-1.55514029,-0.85890603,2.24058794,1.42004068,-0.22791525,1.58428672,-0.52066856,0.53179018,0.80366429,-1.55814495,0.55411697,0.30747231,1.35661111,-0.69963740,-0.20882351,-0.24961342,-1.28294336,1.91116025,-0.05515197,2.09198801,-0.67815501,0.19238095,-1.11281995,0.35740161,-0.19786087,0.69694231,0.90329241,0.15894564,-0.43505882,-0.35124110,-0.05194594,0.99044335,1.29847773,0.62844170,-1.15035277,-1.12203697,0.38317381,1.07785282,0.38439232,0.43747222,0.78099223,-0.02308679,0.91456084,-0.52551035,-0.80140400,-0.51539686,-0.80461899,0.92788583,0.61221103,-1.89565467,-0.93185423,-0.44757014,-1.40890597,0.50443674,1.04664531,-0.48822060,1.63151973,-0.69350459,3.46838338,0.67564584,0.43638110,-0.02526114,0.77865502,-1.31820730,0.57510825,2.30583294,1.35330016,-1.39679393,-0.36411280,-1.02092692,0.21267132,0.45251445,0.25372139,0.14848481,-0.83778072,-0.31309270,-2.07739188,0.83485407,0.40661041,-1.71214600,0.46863099,0.94607111,1.70695292,-0.62339375,-0.85697886,0.03031677,-0.57569711,0.15004402,-0.22545022,0.52347871,0.75006340,-1.21321660,0.25100194,0.25700837,1.03578785,-0.64339422,1.49823358,-0.90771660,1.47161049,-1.78421486,1.14474310
-0.62663765,-2.26935060,0.31823324,-1.06139239,0.64426933,-0.50009640,-2.04525860,1.43103811,1.81000538,-0.67013345,1.54823078,-0.51370925,0.50818871,-1.34063036,1.36826927,1.27378184,-0.38650592,-0.47806906,0.77795760,-1.74768858,-1.10088243,0.02631481,1.88159835,0.33231761,0.26746744,-1.30879975,2.11180437,0.26756658,-0.49220356,1.77205804,-0.71100426,0.15891494,-0.48813095,-1.57837914,-0.09255379,0.59869726,-2.12953664,1.74611269,-0.97858138,0.39555981,0.67648440,-0.99345668,0.72538236,2.69179873,-0.54559443,0.40431469,0.34113384,-0.38551641,1.67436709,0.56166713,1.50679584,0.27873223,0.87797762,-1.85358843,-1.31190993,-1.45147499,-0.36898207,-0.60682406,-2.32654228,-0.23245585,1.00020814,-0.61608472,0.01703125,-0.23633731,1.96533194,-0.25997374,-1.27730522,0.43397664,-0.69286287,-1.00535794,-0.18960318,0.68864501,-1.91722378,0.49270263,0.52964119,0.28302816,2.35852545,0.10154052,0.18987128,-0.37930272,0.22647465,-0.11474892,-1.27182513,0.53228385,-0.15093679,-1.07966533,0.22115706,-1.63495806,0.72896100,-0.09248889,1.26546660,-0.77041290,0.37409572,-0.61582715,-0.67359366,-0.72813903,-0.11933432,0.77761766,0.44236770,1.37418223,-0.40749076,-0.19577449,0.49089031,-0.79677719,-1.55643589,0.60806371,1.16007041,-0.39845555,-0.17301480,2.04330107,0.92440211,1.09073920,-0.15695619,-0.96510112,-1.51641846,-0.00460052,1.85114891,2.06303491,-1.85835446,1.29229151,-1.07816414,0.31766001,-1.40966244,-0.65632323,-0.11176337,0.62975880,1.21542040,0.28883778,0.79567385,0.35105435,-1.10755448,2.02148855,0.99162048,0.56470262,0.59936188,0.52310401,-0.81165855,0.65699211,-1.83153387,-0.68854901,0.33511882,-0.00139429,0.82673143,-1.97996563,-0.68280182,0.79688989,-0.28085103,0.05126090,0.17434375,-0.71164799,-1.97871377,0.56288603,-0.61142670,-0.40111853,-0.23960054,1.01694634,-0.80912999,-1.13533328,0.01335724,1.02025904,0.22266654,1.14098104,-1.58107276,-0.36846429,-0.15548399,-2.31005587,1.05426570,1.62696785,-1.70384692,-1.28793443,1.04036834,2.24012887,0.17030691,-0.51796201,1.08459516,0.44557622,0.21670749,-0.48397572,0.91519290,-0.51116712,-1.03873775,0.80557505,-0.50767438,0.03282056,-1.58019101,-0.43983596,-1.13151291,0.25446367,-0.66239168,-1.14714469,0.26426776,-0.13116315,0.14897712,0.89754836,-0.22780744,0.11065194,-0.45459076,0.09028210,-0.39239057,-0.79761175
-0.01268329,-0.35234218,-0.10409603,-0.22542874,-0.49444733,0.59346214,1.12260737,-2.11772158,0.63474022,0.17743082,0.19426051,-0.01955720,-0.10386144,-1.28809226,-1.83543810,-1.01529631,-1.40978155,1.76860972,0.63685566,-0.13587986,0.72287528,-0.91848295,0.20262403,-1.69023022,-0.75157712,-1.46035890,0.14386913,-2.33769185,0.80284584,-1.70400968,0.86090221,1.74785392,-1.38532648,-1.24779487,-0.53899910,0.77804636,1.23581325,-0.93338531,-0.43487548,-1.20531113,0.24263564,1.03979687,-1.23162704,0.69598386,-1.75442225,-0.64642225,-0.48565351,-0.37312328,-2.00513379,0.25337515,-1.30903959,0.85008437,0.55134404,1.52818570,0.99972749,0.78204814,-0.45655662,-1.11260846,0.53829149,-1.16469921,0.31643051,-2.39384941,-1.00444847,0.46403517,-1.21555116,0.17643710,-0.81728853,-1.27397625,-1.36009590,0.86260676,-0.99166745,-1.26242994,0.98744757,-0.21457284,-0.50827732,-1.64583999,-0.37025751,-0.97685344,0.29044079,1.32555328,1.21002103,0.12276599,0.25959310,-0.46790577,0.42741219,-1.31549003,0.12365721,-0.98547916,0.54402579,-0.54021905,-1.10394801,-0.99071124,-1.30606436,-0.56526567,0.97762167,0.24733924,0.84995944,0.70571876,-1.30803765,1.01878444,-0.02274088,0.60882111,-0.64336790,0.65448986,0.92045488,-2.71370911,0.73255300,0.07523364,0.83668413,0.92790867,-1.15968211,0.35683625,-0.21968504,-0.27270729,0.59283722,-0.17718530,-0.28830361,1.10792099,-1.07699222,0.47538834,0.34500995,-0.35238105,1.48895599,-0.27102785,0.23962482,0.65864266,1.04823801,0.33799955,-0.47396600,1.65137233,-0.82961753,-1.30674490,-0.61178281,-1.72954951,-0.94517545,-0.68878315,0.46321122,0.08210040,-1.13092728,-0.16036191,-0.59503104,0.39237583,-1.52525984,0.42109406,-1.51641374,-1.23932244,-1.78145632,-0.28972526,-2.19498572,2.81201035,-0.82570927,0.19375996,1.06812185,-0.81023718,1.17139811,0.33165552,-1.25644649,-1.21025537,-1.81109057,-0.31186300,-0.69947209,-1.55475366,2.20708782,-0.51628823,1.37786062,-0.78986845,0.22996000,0.14877336,-0.80226451,0.56256564,-0.83087702,-1.22189026,0.77194861,1.67932103,0.64107159,0.55523471,-0.68668629,-2.36859690,-0.59286811,-1.27609921,-2.53900086,1.25875353,0.48950094,0.10383852,0.51100866,0.33816833,0.75488063,0.12761022,0.68692419,1.23257739,-0.68686566,-0.83878638,-0.89019112,-0.82998734,0.65705216,-0.84970981,-1.91962941,0.10741960,0.99096812,1.08131258
1.29574797,0.75129517,0.60214138,-1.14886199,0.63526166,0.01987600,0.93220746,-1.40327292,-0.59728872,-1.15721708,-0.13912526,-0.00261144,-1.20781394,-0.60750993,-0.15596573,1.29211993,-0.62851117,-0.57234106,-0.04409295,2.26404716,1.10178589,0.17850746,-0.45852225,-1.48784323,-0.46165995,2.78429577,-0.85621335,-0.83480524,0.51256294,-1.68484242,1.69844170,0.42978463,0.66595387,-1.03640864,-0.83240874,0.22169853,0.50523498,-0.48870417,-0.11600305,0.72630707,1.22041117,0.17908256,1.06586362,0.29777545,-0.58766683,-0.77624317,-0.51588271,0.25657694,0.88094935,0.84313811,-0.40270892,-0.17826360,-0.15879359,1.33384328,-1.46062399,-2.03786682,-0.14733449,1.12857916,-0.42201503,1.28663977,-0.22620628,-0.62995577,-0.78372538,0.78570162,-0.28749227,-0.71445828,-1.56931882,0.47027608,1.34654230,1.09226235,0.32923431,-0.33974293,-1.17071325,-0.83457088,0.10535910,-0.95510987,-0.01584224,-0.67335197,0.57803056,0.70312324,-0.03932824,-0.93839110,0.38059701,0.71961772,0.22107442,0.57154435,0.26151967,1.47841811,-0.03615054,-0.98866929,-2.54818028,1.36618271,-0.34720160,-1.62157589,-2.00428103,0.22013446,-0.17174959,0.63693967,1.39200640,1.82109524,-0.61723407,0.14483620,-0.48340591,1.14144031,1.84235231,1.45846397,2.50659746,-0.46954579,-0.26020950,-0.56262833,1.95044053,0.45263405,0.49306317,0.63682205,-0.71157797,0.91433735,1.06740051,-1.47053253,-0.16108767,0.08187361,0.14987684,1.64911936,0.00726354,0.72037637,1.17627656,0.26384494,1.99912334,1.01771111,0.32861448,-1.27066570,-0.14468181,1.76417436,0.89271440,0.48964170,-0.99421322,0.98348103,0.18827952,0.79970563,-0.62694385,-0.78394653,-0.73895455,0.77514082,0.77933620,0.50968782,0.23140138,-1.40013616,-1.27838792,0.39157911,-1.63156772,1.25377933,-0.72523218,0.91862372,-0.50660304,0.53649476,0.38463906,-0.76088443,-0.98792936,1.05369987,0.12393400,-0.60246159,0.77224122,0.60441670,-0.10031298,0.76704964,-0.54585067,-1.45194662,0.27711510,0.35186974,0.02495200,2.60577033,-0.91371138,0.52185912,0.01539035,2.64448550,1.31671789,0.33276699,0.65939276,0.23901101,-1.48955817,0.63401343,-1.63905350,-1.26754984,1.04330502,1.25191782,0.32636451,-0.17266327,0.55190327,-0.11431584,0.21622008,0.93417043,0.30336210,-0.54639305,0.87536682,1.38338479,0.82917202,-1.22182000,0.59065652,-0.79051455,-1.75241097,0.36639879
2.16092663,0.86711124,-0.58264052,0.18041784,0.69356105,-0.63121693,-0.25456924,0.13747499,-1.44919128,-0.08830829,-0.01052980,-1.23189022,-0.82898537,-0.36020826,-0.87033951,-0.72623511,-0.66209407,0.64718973,0.09366520,-1.33568473,-1.91629606,-0.13100822,0.89270410,-1.87898202,-0.69411498,-0.88010568,-2.41790810,-0.35103091,1.02504134,-2.02531562,-0.21716545,-0.69439566,0.46147558,-0.29405812,1.09938910,-0.46763964,-1.05082237,1.72871082,-0.66831453,-0.12988079,2.13243870,0.96662627,0.84431111,-0.60137799,0.72768861,1.03026767,-1.27242966,0.97510008,-0.11709900,-0.25739322,0.03564740,-0.52987549,-0.90470687,-0.10978423,0.80763421,-0.30350341,0.73641968,-0.15327405,-1.55171181,1.34486825,0.90694541,-1.15352010,-1.18366883,0.05319103,-0.97877177,-0.84771549,1.53952889,0.13660316,1.13963113,2.34743422,-0.08280500,0.55877582,-0.17014623,0.25638846,0.45765723,-0.59366127,-0.06664322,-1.24955320,-1.77592214,-1.05035952,1.42476689,0.39144616,0.07612169,0.28424919,0.60389434,1.29315846,-0.26881461,0.68390904,-0.08635946,0.15218985,-2.15915390,0.34477279,-0.41431431,0.31561835,0.15449644,1.30256998,-0.06363183,0.64976171,0.53976512,-0.25177168,-0.99684520,0.24275356,-1.67071302,0.42566680,0.42015256,1.66441118,-0.16372740,-1.00962652,-0.75013954,0.38893557,-0.32801211,0.06835552,-0.22935413,0.00596992,-1.28347713,-1.47198134,1.03521350,-0.14909830,0.25335606,-1.17491332,0.50287156,-0.26663682,0.76782940,0.53900109,0.11437932,0.03694475,-2.11009590,-0.10358412,0.17347658,-0.52062630,-1.53885791,0.29442198,-0.55425981,0.39609342,-0.56609188,-0.57814255,-0.46645644,0.08041471,0.43904369,-0.06160291,0.70030664,0.64783604,-0.21252696,0.93418816,-0.97841050,0.41802095,-0.69143524,0.79196148,-1.15454846,-0.00291628,0.81645635,-2.14505943,-0.71412827,-0.12733738,0.90631730,0.72928645,-1.44453000,-0.52117801,0.70875103,1.81311985,-1.20414892,1.49407240,-1.30905590,1.71675824,-1.75836141,0.31086492,-1.57111641,-0.69014240,-1.01589815,0.44017288,1.69920422,1.71864954,0.56831686,0.72312945,0.07409222,-0.34224537,-0.49670702,0.70547430,1.32114797,0.27243890,0.64087911,-0.96215728,-0.31532926,-1.37492072,0.67914906,-0.79407689,-1.00952551,-1.39247010,-0.20264514,0.06775318,-0.15089835,0.54141832,0.71443385,-0.67059318,-1.32985890,-1.34128290,-0.56344554,-0.29166630,0.77294381,1.51424729
-0.02780504,-0.50184605,0.61770785,0.04245041,0.27659037,0.64035517,-0.50254075,0.59235344,0.64786198,-1.54443864,-1.25797479,1.28092580,0.63538408,0.41317429,0.31587425,1.18011625,-0.45641708,0.40915228,-1.47989782,1.27293997,-0.80047510,-0.44321395,0.36868445,0.75074269,0.94269088,1.64927427,-1.54550549,-1.23402348,-0.90099665,-1.27353979,-0.06154846,1.86409854,-0.34931361,0.21738888,-2.43747298,-0.03837288,-0.25103942,-0.71395632,0.89092699,1.33667397,-0.08304140,2.51303967,0.09808131,-0.84864099,0.49986274,-0.40946177,0.54585967,-0.48621622,-2.04550028,1.03931951,0.11684931,-1.71658838,-1.10708776,0.25183766,-1.24486871,0.55898262,1.77706673,-1.59593316,1.54074280,-0.58973061,-1.81424689,0.16981966,-0.12951037,0.52775457,0.24461285,-0.32350770,1.25618590,0.75503971,0.15138818,-0.42148386,0.81483638,1.43017289,0.13008965,0.46038878,-0.86993908,-0.02373113,-1.12383590,0.13773354,0.24417937,-1.72908541,-0.49724023,1.30039821,-0.56800152,0.59456754,0.74425124,-0.25690228,-0.98505199,0.23633587,0.33542441,-2.01687055,0.65417196,0.10095431,0.07974801,1.62204994,1.12788582,1.56434003,1.73264853,0.09723882,-0.06825379,0.54572831,-1.90535334,1.76353001,-1.55150184,-1.22038080,-0.18013476,-2.69347766,0.17153455,0.60294878,0.05730383,2.35734266,-0.20833366,-0.45165326,-0.24170752,0.46632435,-0.63263900,0.12087753,0.21493874,1.34392637,1.27515008,-0.45053164,-0.57563924,1.40634380,-1.48780208,-0.50381264,0.98402355,-1.08443155,-0.27841727,0.44155113,-0.11628502,0.17578215,0.74114255,-0.36688189,-0.72057445,-0.50240189,0.20622568,0.72417817,1.59027760,0.09327738,-0.68904721,-1.99901377,-0.42622249,-1.17381722,1.13005287,0.41816185,-2.31310389,0.59228055,-0.30013813,1.70978317,-1.15956733,-2.12933349,-0.33071930,1.26023949,-0.71098165,1.76078162,-0.65281209,1.64674698,-0.94825860,-0.83472307,-0.65405716,-0.31158175,-1.61411924,-1.07310903,0.04267331,-1.09989480,1.04897222,1.40803768,-0.38711318,0.28526246,1.35405998,0.50003093,-0.01937342,1.16295043,1.77070661,-0.77737009,0.81611555,-0.60742996,1.93485004,-0.73180913,0.96466776,0.49123518,0.50052775,-0.18868118,0.64687017,-0.61158359,-1.40205458,-0.25246486,0.00084493,-0.38524616,0.25919114,-0.26827015,-1.57230916,0.33204511,3.20068801,0.61555361,0.80234558,0.11908067,0.11793268,-0.01332215,-0.14629813,0.05587194
0.00601421,0.75277121,0.23244057,0.59150044,-1.02114427,0.14681930,0.99477275,-0.11534750,-2.20388449,-0.36645620,0.83005477,0.75406690,-1.21070921,0.26616990,1.35059624,1.93952171,-0.19233373,-0.57989340,1.10881389,-0.57273855,0.60188140,1.74575134,-0.75396215,0.33926076,-1.81628582,0.47039777,-1.63603887,0.51803208,0.30724114,-0.37216260,1.78419764,1.77812871,0.72560653,-0.54692558,-1.11491640,-1.20103577,-0.09340137,-0.49593020,-0.21579545,-2.63487538,-0.74171917,-0.50418364,-1.92118188,-0.47937429,-1.31381195,-0.63030484,-0.86486375,-1.52710950,1.20773941,1.35376117,-1.02986162,0.25167653,-1.18578491,-1.27590155,-0.13238862,0.00775203,-1.15944302,0.17346429,-0.84205578,-0.11268727,-0.46067092,-1.16945405,2.26644112,0.43935155,0.86700802,-0.63634068,1.01281056,0.53529929,1.29805540,-0.33661726,0.74467297,0.07061640,0.53291660,1.57778756,-0.79128622,-2.42737869,-0.09995216,0.44013125,-0.21237715,-0.81192210,-1.14855995,-0.41770020,-0.18981923,-1.56915187,0.71238830,-0.40333490,0.19925956,-1.01079634,-0.74871840,-0.34747260,0.54902399,-1.31172702,0.45299856,1.26498794,-1.32829537,2.26948243,-1.97260313,-0.14174672,2.04891052,0.68480450,-1.18641444,0.00953360,0.55135101,0.49672322,-0.50222094,0.76360851,0.74934929,0.98874270,1.05346046,-0.52084742,1.59307268,1.19462992,-1.19409475,-0.69411305,-0.27534090,0.34184679,-0.39926650,0.01443574,-0.15944964,-0.45638819,1.40279355,0.24114393,0.00724759,-0.87653548,0.45614249,-0.09802368,-1.00859125,-1.35332725,-0.85811392,0.80619682,-1.06394726,-0.10581776,0.42761687,-0.82396034,1.80898480,-1.57986371,-0.03022133,-0.31939615,0.52779967,-1.46586069,0.59392422,-0.86962629,0.36835666,0.45105223,0.59685638,-1.14565662,-0.06309420,-0.07250903,-0.65218663,1.94071037,-1.99970016,-0.47334257,-0.68219836,-2.00679109,-0.19690905,0.01178113,0.86340211,0.54904315,0.50362601,0.87771948,-0.50099641,-0.24768464,0.76919966,-0.43895821,0.76261797,-0.99469940,-0.90021999,-0.23581983,0.55589412,-0.58355827,0.04248351,0.54767470,0.44979100,2.00620390,0.56304928,-0.43023535,-0.39275492,0.61278168,-0.35494191,-0.04659141,0.79724002,-0.02919959,-0.18730655,-0.26661812,-0.59089143,0.44906071,0.46553614,1.37704490,0.37441981,2.06394543,-0.50350881,2.26405167,0.82003857,0.37622464,0.13498624,-0.74859549,-0.69196783,-1.50814510,-0.85507651,-0.33467788
-0.27043924,0.74484897,0.63682546,1.19094018,-0.36524159,0.02666969,0.18570231,-2.12890245,-0.06120116,-0.16471111,1.59828921,0.37838882,-0.88796936,0.15968324,0.97020886,-0.43227704,0.76229939,-0.99126032,-0.02060816,-1.86758572,1.32973185,-0.28556505,0.40546298,-0.68092035,-0.51338719,-1.89307106,-0.07817420,-0.45912714,1.43830689,0.95373204,-0.90986603,-0.56061747,-1.12906003,1.02539576,-1.35234548,0.33953655,0.70964720,-0.46748134,-1.64512380,0.81075172,1.71738543,-0.05536880,0.38893467,-1.20868111,-0.01760334,1.27278089,-2.36185051,-0.09110234,-0.60992716,1.43511899,-0.29169435,0.25462738,1.46995682,-0.03479261,1.35431516,0.05826868,0.71199030,1.30416532,-0.26820429,-0.38716502,1.23333604,-1.17586194,-1.57431084,0.20083841,1.65584952,1.39540974,0.24319870,0.68735123,-1.53984485,-2.10122619,-0.88742424,1.08686375,-0.89331152,-2.38176113,-0.23220471,0.57449129,1.18640473,2.09811477,-1.01429696,-0.27257630,1.14056330,-0.31881101,-1.68958254,-0.90984226,-0.99923997,0.29707422,0.47392125,-0.39462613,0.96574803,0.17143221,-0.47257950,0.07932062,-1.21095378,-0.97149892,-1.49030976,0.54811702,-1.32742150,0.10336644,0.32409282,-0.09276414,-0.78596843,-0.41006601,0.13498427,-0.61230286,-0.48218901,-0.01136350,-0.63054108,-0.64475285,0.95881133,2.08574243,1.63619198,-0.08093100,0.41755570,0.55764754,1.15479528,-0.90881787,-1.33219719,-0.69936669,0.83843410,-0.00567157,0.09631455,-2.04064192,-0.56993376,0.21092272,0.17586372,-0.11327795,-0.13886397,-0.56746341,-1.09277422,0.46648368,1.34536596,0.96429842,0.17353913,-0.60661111,-1.83728932,0.09897753,-1.05957436,-1.74845072,1.38437498,0.00835454,0.33111446,-0.23302028,-0.43419447,-0.39692280,-0.77918085,1.15868730,-0.78707437,-1.32153040,0.52978951,-0.50425857,-1.60139792,0.64341033,-1.11068887,1.03233135,0.02532335,-0.53261197,-0.70915015,1.11460807,0.32461074,0.43281229,0.10615077,0.99680093,-1.57000187,0.91113210,-0.18801647,0.07201877,-0.17226740,-1.29564033,0.16232334,0.95333761,0.84534330,1.02470248,0.83141633,0.21691533,-1.16055667,0.62026506,0.79228740,-1.14436011,-0.15554702,0.20549346,-0.06968830,1.56724982,-0.63925190,0.60046129,0.28088164,0.96976343,1.39940487,-0.93698643,-1.05984941,0.69156306,0.02572970,0.56732997,-1.96223771,-0.76757111,0.36254815,0.79949400,-0.05206953,0.06881887,0.73902653,0.26106667
-1.59653841,0.34582990,-0.75213060,-1.32089514,0.51336346,0.67692435,0.84147773,1.78708713,0.50168007,0.62798885,-0.02591701,0.08585394,-0.11494552,-0.99187483,1.39666881,0.53192038,0.08725115,1.22380216,-0.64574446,0.61488106,-0.29438488,-0.76763467,-1.99579565,0.00062070,-0.42829777,-0.36691425,-0.23349926,-0.18130533,2.38437356,0.02748140,-0.28017061,0.01495135,-0.26491636,0.20222461,-0.38473170,-1.15761536,1.64786772,0.58207471,-0.20791204,-0.14045806,0.97506680,-0.66567976,-1.05155074,-0.51814033,-0.07235141,0.92469365,1.05585174,-0.26179088,0.01000789,1.43845403,-1.52063385,0.76960953,-0.78302991,-0.66581656,0.85873299,0.03023617,0.73252659,0.67637631,-0.96700425,0.54366651,-0.09289664,0.27285480,0.74765114,0.81828463,0.04015023,0.07036076,0.71007475,-1.18094114,0.15256792,-1.43605912,-0.93629040,0.65128634,2.55598210,-0.48983370,-0.55704792,0.30822441,-0.12680119,-0.16902666,1.10790313,0.55777108,1.20792914,0.30575898,1.47046004,-1.52990141,-0.43724700,-0.18387923,0.41033260,-0.00799251,-1.43509079,3.00506279,1.94402496,-0.53084794,0.76700627,-0.16953108,-0.49374005,-1.00653648,-0.33359108,0.21645745,2.05675013,1.03859175,-0.91728605,0.13606789,-1.47582962,0.21091702,-0.62839339,0.46194329,1.23960887,-1.29011011,-0.47879487,-0.04821193,-1.37373461,0.35876185,-0.19705718,-1.18845542,-0.38475051,-0.40592474,-0.84137198,-0.23463123,-0.52504247,-0.87977134,-2.24366862,-0.12044536,-0.90474472,0.16233650,-0.12493335,-0.46045859,-0.18061543,-1.58184532,0.75640774,-0.35267300,-0.50112707,-0.48886990,0.23282372,-0.81900510,-0.87443208,-1.66773029,1.36564426,1.38294543,-0.13297792,0.63963086,-1.65248853,0.86367447,-0.66948454,0.86516636,-0.98349198,0.98831998,-1.26166489,0.21368293,-1.49480310,-0.55766210,-2.11990637,-2.60512508,0.80215057,0.20923063,0.86479273,-1.06347214,-1.77166044,0.17493335,-1.30479178,0.85853574,-0.06535079,0.81145308,-0.80260933,-0.23484573,-0.19722518,-0.17312918,-0.97631159,-0.44257775,0.18760487,0.23901817,0.54955609,-0.44304830,0.51911428,0.33132131,-0.27326928,-0.13053340,-0.35522984,-1.24235427,-0.41546896,-0.51920092,-1.01468848,0.08726320,1.01328294,0.73551444,-0.86265823,-0.90358379,-0.16591005,-0.43044600,0.87100147,0.20934492,1.75779821,-1.44958704,0.33895129,0.32776980,-1.38332891,-1.03097910,0.59380345,0.33811330,-0.75063505,0.58649601
0.68186036,0.91907700,-0.99430683,0.75602203,-0.28230761,0.46196907,-1.05694388,-1.68967225,2.29684171,0.18630392,-0.46711244,-1.71646773,-0.06404228,-0.97137950,0.90302208,-1.03187932,0.70227744,-2.59373881,0.93475604,-0.04071115,-0.08429500,2.18570562,0.81229209,-0.15977544,-1.27971194,-2.53210056,-0.98368448,-0.36813768,1.46712883,-2.60638545,0.14131854,1.12729121,-0.31433390,0.29702755,-0.99950131,0.38404195,-0.85411269,0.12629385,0.88744477,3.32160117,-0.04347664,-0.24023963,-1.73349606,-1.19225401,0.03956321,0.31233181,1.51568288,0.17093973,0.40833671,-0.20230524,1.55225417,-0.48023435,1.69685041,1.44560835,0.22220465,-1.36351669,0.45239659,-0.14868602,-1.38130568,0.29261638,-1.48150692,0.04600044,0.06855157,0.86575172,-0.49262108,0.36163393,0.23842853,-0.50625400,0.97931591,-0.31069102,1.41084598,1.46205249,0.24908525,1.36787790,-0.69812506,1.00421485,0.99791171,0.40136339,-0.52947135,-0.96047823,0.76167657,1.08679103,2.44511651,0.50097679,0.59410576,2.15682339,-0.28643345,-0.72034819,0.22019599,0.02119368,0.24995618,-0.59136991,0.42077659,0.51493320,-2.26749244,-1.31709494,0.08064850,1.64417198,-1.68119256,-0.79509239,-0.59146663,-0.47381287,1.39441234,-1.19557715,-1.42497418,0.64357141,-1.54515122,-0.01014736,2.20871714,-0.98008082,-1.47763806,0.77827748,-0.77892960,-0.01020349,-0.08809117,-0.48407272,0.75145729,0.05499449,-2.44301126,2.19140781,-1.06181683,1.40403211,-0.28905188,-1.87541946,-0.49078159,-0.06302764,-0.75823226,-1.13034826,-0.78327842,-0.51604146,0.07004573,0.66221561,1.19240409,1.44143120,0.60651713,-0.41354397,-0.13867004,-1.02728144,0.48660320,0.15307587,-0.30262666,0.28467792,0.04244172,0.54010035,-0.71153674,1.58311431,-0.26756359,-0.02137434,-0.00434673,-1.56425779,0.96802145,-1.34087757,0.14888571,0.29859312,-0.57754663,-0.79511643,-0.40071864,-0.51629731,0.47330254,0.29957473,0.82567023,1.22720024,-0.06590880,0.47856706,-1.12703242,-0.59932157,-1.58674784,0.18783473,-1.29732297,2.13927392,-0.52370123,0.40618987,0.13213316,0.18190939,0.31661997,0.18304878,1.15668563,-0.93603045,-0.16690089,-0.51976420,0.75174869,0.06897313,-0.31640536,0.22839854,-0.47204115,0.33857067,0.47317300,0.48214183,-0.78848154,0.37317312,-0.77589984,0.75021901,1.01797544,-0.21325951,-0.62568164,0.65636354,-2.03512512,-1.68660266,0.76810829,-1.05383741
0.09673164,-1.34325985,-0.25168968,1.44543270,0.15372403,0.78526832,0.19864949,-0.22959621,0.33774421,0.99811221,0.70334757,0.81790155,2.88547040,0.14498341,1.56537216,-0.88302102,0.24478148,-1.66573136,-1.04185147,-0.09147063,-2.25887290,0.26072101,-0.69045644,-0.27669186,0.41987688,0.66504849,1.23622281,0.23183938,-1.76643808,0.22030813,-0.64398746,1.39439302,-0.22122228,0.53965248,-0.93267670,-1.14838859,-0.55594643,-2.16052387,-1.52376591,-0.85121128,1.45484793,1.47107144,-0.02559045,-0.03928683,0.80666580,0.26058361,-0.07170896,-0.49211366,-0.70889713,1.31068398,-0.74271832,0.59506503,0.41027318,-0.74503658,1.24484866,0.88190514,1.29294134,0.75437845,1.50124737,0.50123576,1.60257445,-0.12448851,-0.74372878,0.76256559,1.56844761,-0.87155531,1.56554524,-0.40110864,0.30546962,1.02535912,-0.67089959,0.33366484,-0.78085316,0.20325897,0.46298894,0.83051298,1.37921498,1.06660622,-0.53867516,1.83843362,1.64892260,-0.54081221,1.14911281,0.38722591,0.73781848,0.52921902,0.15667316,-0.86399834,-0.45432177,-1.11724505,-0.13736172,0.04933861,-0.62421333,-0.07472015,-0.04186963,0.12861731,-0.27320764,-1.27803234,0.06355033,-0.46418140,-0.20463429,-1.77046110,-0.62922671,-1.59547607,-0.61255649,1.35531227,-0.62146553,0.32446076,-0.13922705,-1.78933194,-1.63379367,1.25054846,-0.38178609,1.02035528,-1.77079642,1.57949390,0.93603162,0.62390997,-0.57429016,0.35191908,1.61462842,0.44778929,-0.31429798,0.47817921,0.66068049,-0.03352184,-0.54273557,-2.53285757,2.14152022,-1.89513493,-0.29733243,1.10502194,1.27946147,-1.47031212,-0.49971439,-1.13403996,0.51888483,1.54618650,0.68323027,-1.01815275,-1.82804734,0.05706604,0.26862898,-1.23471588,0.60660810,0.85300081,0.35684235,-0.35453983,0.33579491,-1.12219219,0.16140099,-1.27511084,0.15132400,0.60522286,-0.06457317,0.35072179,-0.37440060,-2.77589719,-1.12870822,-0.01161451,1.39800317,-0.01763746,-0.17911803,-0.49485600,-0.43483991,0.96039624,-0.98013078,-0.66220030,-0.02654295,1.69364919,-0.08900615,-0.10637679,-0.64567676,-0.62104778,-2.46295056,0.53002504,-1.12746451,0.12026291,0.75395048,-1.66941582,0.84322238,-0.63462312,0.55111785,-1.68470302,-0.38977456,-0.17992155,-0.35029978,0.79748093,0.71870666,0.51917651,-0.11596250,0.91572146,-2.11282976,0.50101852,-0.40722112,-1.27658163,1.98769890,1.34438567,0.23497753,0.66204531
1.33939741,-1.20287331,-1.10187983,-0.27792589,-0.56511089,0.45574741,0.42941560,0.35299877,0.72645232,1.40027715,-1.00090797,0.09653223,0.92190586,0.34107155,-0.74269451,-1.00915202,1.41818303,1.56204857,0.48528318,0.45697464,-1.52056440,0.86069643,-0.01597031,-0.19524704,-1.79664393,1.21963799,-0.25681100,0.14936108,0.14716425,-0.13349277,-0.09515079,0.80275437,1.84619466,0.55270614,1.39921801,-0.42779615,1.21423473,0.08900798,1.17248927,0.84212003,-2.05312979,-0.38152300,-1.24567687,-0.26314211,0.34985065,3.30136731,-0.33956081,0.98444538,0.77951334,-0.38010220,0.47424992,-0.55152667,0.33471687,0.46049808,0.83240330,-0.04619738,-0.19354203,-1.08348213,-0.50940739,1.43130705,1.10165548,-0.21388538,0.46869482,1.36302851,-0.51001058,-0.15563393,0.34297500,-0.32385041,-1.04264102,0.14456008,0.10494347,-0.22221641,0.44241039,-0.12542427,0.53585668,1.55080527,0.67633858,0.64079768,0.18653476,-1.26244669,-0.49194468,1.08395784,0.86750646,0.21603701,1.46395564,1.13947373,-0.71075648,0.03103001,0.44510512,1.26464485,0.69618422,0.39525022,0.86987526,-0.85708020,0.24447484,-0.33803780,-0.30632047,-0.65065053,1.01260606,-1.24866581,-0.45311633,1.38654962,0.84003433,0.88871037,0.13318756,-0.49495027,0.29093061,1.37110774,-4.44663224,-0.34610688,-0.42144960,-0.31911078,1.43211053,0.50828517,-0.48878528,-0.28426141,-0.41673837,-0.51533472,0.12159998,-0.99098668,0.29127526,-0.03094906,0.06866727,0.31163746,-0.94464667,-1.43181423,-2.30705861,0.19345048,0.06428326,1.61732559,-1.40010687,0.99306921,0.49861601,-2.16917538,0.32727552,-0.52903077,0.30296127,0.71062520,-0.56282172,0.35324423,-1.21718577,1.02244915,0.06533576,1.49422807,-0.97840556,0.96027080,-0.26650575,0.46822056,-0.64206113,-0.78963039,-0.27097762,0.87980820,-0.24420708,0.10879372,-0.30022863,-0.52772599,0.41401066,-0.29642561,1.45450350,0.41286939,-0.89718161,1.06749877,0.13462731,-1.00022900,-1.53746715,-3.43221535,-2.10816948,1.67819478,0.04300808,-0.23184375,0.41264498,1.42640555,-0.54831734,1.18256253,0.01284148,0.33678699,-1.41436923,0.10195425,-1.78430685,0.29597443,0.67262030,-0.42661513,0.10673420,0.27389743,-1.55341465,-0.88468667,0.43811928,0.81580771,-0.06525766,-1.32066802,0.66350755,2.63804836,-0.61879889,-1.01367463,1.85841418,0.65331050,-0.42594421,-0.17740141,1.44020849,-0.18989584
-1.12052715,-0.54854013,0.16988731,0.06871557,0.03111058,0.30889076,0.37873495,0.38093928,0.09145852,-1.45710958,0.94500032,-0.74445245,-0.75510842,0.92483595,-0.29479858,0.98067031,0.67651639,-0.49605884,0.84751101,0.71731621,0.78370953,0.43176076,1.01028606,2.10320812,0.15760488,0.01730034,0.70799911,0.60618090,-0.60475347,-0.18598383,-0.96488663,0.36027624,1.53256798,0.06514295,1.06500401,2.54601536,-0.67309901,0.21535660,0.99685943,-0.41847980,0.39134739,0.28013885,-0.18878375,1.61706818,0.38253451,-1.99149062,0.49418517,-0.11153925,0.08241901,0.23981491,0.74393980,0.22333403,-0.70434337,2.84075759,0.31718188,-0.07809089,1.01172063,-1.39702129,0.27045653,1.10539619,-0.85520068,0.19947927,-0.79676303,-1.74646003,-1.45877144,-0.96949508,0.43479652,0.71239944,2.55556371,0.21645771,0.49499506,0.85485533,0.53384781,1.87734512,1.88409833,-0.60574176,-0.29212068,0.37646163,-0.86261207,0.63125967,0.19721515,0.89501861,2.14325297,-0.50096152,-0.08702084,0.29922418,0.12737216,-0.56349484,0.88779728,-2.21282971,0.42804739,-0.25035160,-0.05955236,-0.09905731,-1.35351545,-1.06994938,0.96003155,0.35065303,-0.09721793,0.62887172,-1.35096295,0.11115991,0.27629000,0.81081435,-0.17495073,0.61809292,0.05378071,0.40833032,0.79380875,1.37353381,0.11295393,0.70875842,0.25435785,-0.74064778,1.16167700,-0.42588932,0.50544151,-0.40792741,-0.89731065,1.57733973,0.09674380,2.54113056,1.15613228,-0.38948424,-1.95632276,-0.37209681,-0.44857274,1.44076543,2.29714302,-0.10749388,-0.17066372,0.23935941,-1.28972986,-0.28382577,1.43669402,0.50213629,-1.31204483,1.33627134,-0.93492032,-0.17958768,0.27969795,0.32753380,-1.56829739,-0.15812103,-0.43142526,0.52572170,0.53611584,0.96331394,0.03859505,-0.22503288,0.03949768,-0.61514307,-0.44020933,-1.77787759,-1.09873719,-1.11179315,-1.45870211,-0.55994158,-0.89560449,0.50179392,-0.32795209,0.13894014,0.33142184,0.90300957,-1.15003552,-1.91400576,-0.45411525,1.17741683,0.35448500,1.15136779,-1.07371465,-0.29200637,-1.40286553,1.50570446,0.36508289,-0.81975438,-0.69986805,0.38042404,0.47129767,0.50057316,0.20354877,0.97166210,0.54323964,1.35738939,-1.00966264,1.62081108,-0.52772404,0.83722161,1.89901130,0.05555273,-0.74146804,-1.01191551,-0.18665385,0.82199567,0.26263421,-0.05173871,1.09676729,0.46319645,-2.27635772,-0.90057641
0.45029291,1.26755520,1.40290258,0.04101926,0.46134999,0.88266448,-1.81862883,-0.71786224,-0.12075591,1.47677047,-0.07558159,0.76888671,0.48104493,0.69467432,-1.59046049,-0.76921174,-1.48306540,-2.58125580,-0.95679794,-1.48203717,-0.64745333,-0.49209647,0.66670624,-0.04346371,-0.49904243,1.09926006,0.75252917,-1.60322210,0.55811984,1.30762905,-1.62719165,-0.98848541,-0.37978323,-1.39739120,-0.36150233,-1.90540912,-1.29506929,-0.25644156,-0.46673006,-1.29588937,-0.55295665,0.05080995,-0.52887537,-0.70558168,1.21136015,0.39431120,0.23872825,-1.23748181,0.27018161,-0.39787099,-1.15724028,3.08789381,0.80145300,1.84576761,-0.06890896,0.91941989,2.26171760,0.64986159,-0.75150032,-1.02028751,-0.35376388,0.38329945,3.36045849,1.00717398,-1.19358181,0.26764830,0.30943980,1.20868974,-1.28666526,0.71680788,0.23624372,-0.57652815,0.75396120,1.21625063,0.29707187,-1.25907009,-1.13051629,0.60886356,0.42857581,0.87904273,1.02975998,-0.01502633,0.56725177,1.99437331,-0.29041984,2.28790847,-0.66830757,-0.90142663,1.11985612,-0.39086629,-0.71190989,-0.16722581,-1.87717102,1.48351471,1.55666932,-0.54569456,-0.39928889,-1.85761819,-0.05913292,1.19051059,-0.75331632,1.36474272,1.49109334,-0.87071453,-1.20287002,0.19473132,1.43886415,-0.79948811,-0.12199842,1.31561239,0.44655572,-2.80385361,-1.63294937,0.49303880,1.18896879,0.95522709,-0.80607355,-1.22712381,1.58161482,1.07180778,0.08450484,1.03178928,0.34324464,0.45515993,0.29161094,-1.20607812,-1.14046570,0.13251162,-1.15308661,1.44368229,1.30283286,0.47746307,-2.22548916,-0.42529730,-0.38978699,0.33750765,0.83667881,-1.51831813,-0.39423941,0.34181501,-0.98997116,1.73379360,-0.63563218,-1.45729655,1.10703633,-0.38042199,1.21759759,0.13182812,0.32275692,-0.31930536,1.12065649,-0.97823570,2.54701905,-0.02727146,1.34244374,1.36563243,0.19303695,0.46327592,-1.61788178,0.53647319,-0.51799913,0.82895739,-2.28284206,-0.72080891,0.50702653,0.01865158,0.03081513,-0.59735541,-0.35132002,-0.27798953,3.23708337,0.01055938,-1.07570390,0.98504595,-0.04002937,-0.25417444,0.24473309,-0.11109439,1.37956386,-0.22998068,1.00062248,0.52722309,0.89051547,2.08729522,0.65326898,-0.37631748,0.67818770,0.36568441,0.93067397,0.24169830,-0.36549425,1.85753738,0.13278177,1.41383207,-0.73748680,-0.62126958,-1.10352475,-1.78591967,-0.32367626,0.27975042
-1.71266221,0.37498007,-0.36382720,-0.23317946,0.49004676,-0.16187077,-1.45070753,0.40631829,-0.10403120,0.79660286,-0.33089091,2.05401114,-0.81866722,0.09513788,0.31611875,0.32370675,-0.29707335,0.08330723,1.51672957,0.53287655,0.30284842,-1.42065555,-0.43297412,1.36478857,-0.01982373,1.12044656,-2.43480034,0.63661735,-0.35644646,0.61399846,0.09054274,-0.04876397,-0.70357640,0.34911332,-1.68484096,0.23572837,1.17173617,-0.84814238,-0.21950260,0.31868925,0.27410738,0.37291135,0.27154006,-0.44584340,-0.37742758,0.66097495,-1.04350201,-1.16830757,0.22319500,-0.10270647,0.53337964,-0.42147486,-0.86967755,-0.55156342,-0.07296843,-0.35886089,-0.79026941,0.29044548,1.58378848,-1.07633267,0.03766555,-1.51180369,0.00693481,-0.35642945,0.60371051,0.09647999,1.53624366,0.29951416,1.22144091,0.78836451,-0.08799661,0.61170287,-0.30209868,-1.82451218,-0.27246886,-0.11643583,-0.52637717,0.20557418,-1.63513019,-0.17212311,0.49421768,-0.64780795,-0.78200809,1.25340441,-0.94693040,2.07069332,0.65331484,0.57745781,-1.93397029,0.76065213,1.79447756,-1.08328560,0.70784849,-1.54095429,-1.54272720,-0.66923687,1.02295777,1.41935996,-0.91335445,0.48400727,-0.97535016,0.21864992,0.15358441,-1.32887509,0.31657790,-0.80434667,-0.77378631,-0.02252336,-2.13069892,-0.00079734,-0.14629967,0.37584483,-0.54827585,-0.29043852,-0.22033671,-0.13607391,0.93084709,0.57194117,-0.83078037,1.67800290,-1.18970136,-1.13635242,0.54434263,0.61168322,0.97466637,-0.38173781,1.89005287,-0.74354588,2.49977567,0.25720089,-0.17107751,1.51519494,0.42581110,0.79346492,0.62312439,-0.48409775,-0.92015977,-0.48329594,1.13622591,-0.70395802,0.81106582,0.61998641,-1.21734369,0.74330968,-1.23079725,0.81637789,1.28987411,-0.94401205,0.71289770,0.38341639,-0.24480800,-0.42089716,1.07764540,-0.91770830,-1.38092425,-0.05492737,0.43243253,0.89006231,-0.10356299,0.66251256,-1.15188769,0.28364134,1.28219385,-0.27397967,0.40105773,-0.32072688,1.72615184,0.54000565,0.17087117,0.68412761,0.58383261,-1.14750739,0.96172530,-0.52724423,-0.30617560,-0.28024446,-1.26951530,-1.64220955,0.30587159,-0.01287039,-2.62937555,-0.35783706,-0.40030867,0.90748388,0.93459868,0.96790608,0.30188553,0.03618364,0.09737639,-1.60764944,-1.40420667,-0.71185478,0.55610189,-0.03649191,-1.51728457,2.40075325,-0.16817308,-0.91375253,-1.43552344,0.75244725
2.18742620,0.50505368,-0.40818951,-0.28698662,-0.78143914,-0.91826261,2.37914584,-1.18243819,0.03576672,-1.00549052,0.28200364,-0.26712110,-0.16424700,1.41173630,-0.24604039,-0.79103650,0.97093258,1.21226458,0.37363558,0.95467351,-0.51898909,0.83451524,0.18652348,0.92676932,-0.79364518,-0.19317271,-1.21817632,-1.15493998,-0.31079949,0.38284601,-2.14619999,0.64902998,2.16676071,0.51976046,-1.08442276,-0.55516620,0.59415177,0.83551133,0.02380414,-0.14566424,-1.75349585,1.02137213,-2.04433263,-0.87948293,-0.87695361,-0.22622742,2.25167040,1.28934688,-1.14980973,-1.92333244,0.47959570,-1.04768692,-0.16037024,-1.38699950,-0.44660537,-0.16700965,-1.25871051,-0.66714771,-0.19387146,1.38571066,0.32651017,0.31079397,2.00933120,0.83114045,-0.36334396,0.92025361,1.69820548,1.07854305,-1.19984018,1.04370885,0.91293077,-0.10367618,0.90827225,-0.10975504,-1.10048105,-1.00390861,-0.56257412,-0.70184592,1.08011916,0.22502891,0.65204044,-0.24141160,-1.30959852,-0.20769822,0.12621607,-0.57996437,0.11921294,-1.17323827,0.91041814,-1.10931682,1.37265908,0.59259670,-0.53596592,0.78795947,-0.51779750,-0.13595389,0.87243269,1.22670982,-0.27266238,-1.27374697,0.31532493,-0.36839044,-0.35021887,-0.26958607,-0.38342364,-0.74841290,-1.89653172,0.47180635,0.83720755,-1.81067167,-2.51002871,1.02284263,-0.25712843,0.45613658,0.10147458,-1.99396130,1.52703581,2.73360325,0.52416325,0.07063019,1.53648347,0.45638247,-0.24762333,0.94825781,0.41840741,0.46525561,-0.41855911,-1.79245799,-0.08162904,0.12310392,-2.10137323,0.30757475,0.97034206,-1.14196315,-0.23910418,0.18075868,1.35256468,-2.13897103,-1.82005091,1.42211529,-0.85259255,-0.17975480,-0.84311081,-0.99014159,1.75187926,-0.60289180,1.28728249,-0.21916026,0.99632453,-1.08530566,0.58141452,-0.24155313,-0.29491049,-0.13868983,0.90968651,-0.22979560,-0.51223724,0.62572622,-0.59228872,-0.73691532,-0.06113942,-0.49714704,0.43210231,0.97787665,0.12082941,0.24948944,0.06739652,-0.17674116,0.98714302,0.28115032,1.90281343,-0.24274512,-0.91174314,-1.32782828,0.02325843,-1.66340827,0.56972328,-0.78881050,0.20570363,0.34291633,-0.75590132,0.91907080,1.53418368,1.06315926,-0.70894811,1.85409066,0.68242900,-0.87764821,-0.98026165,2.39403710,1.65276790,2.01816098,0.06696846,2.73647531,-1.01299668,0.27166174,-0.10899728,-0.05725925,-1.05893126,-0.32652844
0.33004589,-0.00047998,0.81811590,0.42821371,-2.50394732,0.12048113,0.80789286,0.60212098,-0.86519000,-0.15332035,-0.24049056,-0.06076335,0.53286612,0.76440094,-0.85608336,-1.68234050,0.65306946,0.93025508,0.40518261,0.20400248,-0.82276559,-1.27687431,-0.22643687,-1.01605271,-0.65729478,0.29399090,0.62005253,0.77963365,0.45498402,-1.30343574,-0.56444972,-0.69713239,1.03783974,1.56015442,-1.46020612,-1.93967586,0.52658577,1.66033877,-0.36380906,-0.03104519,-0.36362241,1.24180163,-1.66867213,0.61321016,0.04346911,0.11654822,-0.57860484,-1.26467873,-0.11748739,-0.48518650,1.02306703,0.14835545,-0.02942062,0.87583280,0.13480780,0.08406442,0.89311598,-0.13843638,-0.25152944,0.54902715,1.65556960,-1.32727358,-0.13252706,-2.07548504,0.60278778,0.48612705,2.04496997,-0.68947552,0.37899104,0.38948311,1.21218126,0.11365620,-1.03787989,1.50676868,-0.47677486,1.29163515,1.29617347,1.11443248,0.17736195,-0.28754211,1.45685211,0.85019112,-0.38308294,-0.62130398,2.20902929,1.07920333,1.12682779,0.14644647,-1.04423856,0.31128753,0.95272900,-0.13690065,0.15797985,0.94684707,1.16190441,0.11171273,-1.25479823,0.00419356,-1.88708129,1.81092476,1.24676199,-1.17061872,-0.81985519,-1.03885094,-0.37951613,0.24718568,0.09783754,-0.36876693,1.42810399,-1.26682631,-0.73147480,-0.23619542,-0.06404555,1.58500626,0.56840983,-1.01128511,-1.16075999,1.63866862,0.00101638,0.65996079,-0.50408801,1.76079167,-0.29871515,-0.06996792,-0.23906958,0.04808697,-0.05615409,-1.40122647,-0.40746917,1.04563728,-2.21158660,0.10036327,-1.17181952,1.99435870,-0.74044778,-1.84723349,-0.36637152,1.67817878,-0.36443466,0.23160425,-0.63498936,-1.05917559,-0.36659274,-1.33709123,1.30545948,0.05499711,-1.15658809,-0.18782630,-1.71532640,-0.28083054,0.36023734,-0.72125377,0.52039091,0.61930869,0.05971624,1.34199016,1.76101825,-0.42936906,0.71050354,-0.22992193,-1.19545891,1.54335976,0.23791418,0.76721369,-2.10981424,0.64155814,-1.43045034,-0.50326828,-0.18086283,-0.96986188,0.92862084,1.22457068,-0.85324106,0.38801984,-1.29757351,-0.73566347,0.19697722,1.28330970,-0.21067404,-0.15302570,-0.19892366,0.65609994,0.16754945,0.41501533,-0.29400079,-0.40937819,-0.82161522,-0.47693105,0.90406055,1.21382602,0.86521949,-1.12921061,1.07016183,-0.14251265,-0.87246729,-1.61306202,0.07519233,0.42818973,0.13312439,-2.14107335
-0.90633015,-0.36438275,-1.44119407,-0.89831298,0.41883752,-0.62462706,1.01371400,-0.04597149,-1.21531148,-0.88108499,0.90742363,-2.55599026,2.15762609,-0.45902931,-0.99303056,1.86695987,-0.41735231,0.97351217,-0.51941605,1.83112523,-0.21430685,-0.32670078,-0.71392603,-2.03810128,-0.50630504,0.67192813,1.22552047,-1.02526181,0.29134543,-0.59177039,0.74881905,1.67246102,0.83959476,1.71794824,-1.64586891,-1.72350463,1.67818728,0.62798521,-1.23005798,0.20636850,1.74336749,0.23465301,0.76071396,-0.33856119,-0.21029752,0.00595886,1.42607686,0.01421584,-0.44066154,0.27049719,-1.07474200,-1.34265050,-0.17168804,-1.24448262,-0.89744510,-0.02730436,1.34851875,-0.27896646,1.02517047,0.11808817,-0.37788052,-0.21412602,0.40784049,0.31737004,0.36963858,-3.55185527,-0.02497172,1.02154188,0.61165737,-0.87356083,1.91580366,1.07581562,1.04075506,-0.12628050,-0.16151808,-1.10253372,0.71696514,1.91144206,-0.71751811,-0.28386105,0.18153044,0.05099805,0.16010018,1.32060218,-2.00747478,1.14051197,1.07746669,-0.30101692,-0.01586852,0.29491242,-0.91554914,0.05112954,-0.91836942,0.40595004,-0.98477907,-0.30636400,0.27685583,0.67991523,0.13743799,-1.77681720,1.04589382,-1.50039507,0.28595813,0.44567778,2.71154709,0.03163409,0.02375820,1.38594199,-0.21005702,0.52564783,-0.09257511,-1.45664725,1.60740876,-0.41221216,-0.80009780,-0.48290044,0.71248794,2.12991581,-0.02596898,-0.26747695,-0.52609885,-0.15442093,0.86195827,0.14327560,1.19547514,-0.40715251,-1.13344234,-0.18279435,-0.11727284,0.14290664,-0.62562570,-1.15326425,-0.70349756,0.56806778,0.28887074,0.17563836,0.58039614,-0.51293199,0.01497972,0.91164806,-0.10750924,2.32362854,-1.18212071,1.33607174,0.57817470,0.28771942,0.45887706,-0.13167056,0.00504656,0.53118123,-0.73868451,1.65036986,0.88628194,1.26894127,1.49505532,0.07045246,0.91091337,0.09464845,-1.04978717,0.78671954,0.21913947,0.81502474,0.06305806,0.10043979,1.49620044,0.38189665,-0.32169216,1.62324476,0.46327395,0.34797432,0.28547617,0.09053788,0.00788494,1.14182050,-0.20640983,0.14640617,-0.16202417,-1.11856844,0.05510329,0.09559454,0.19149820,-0.24450300,1.07739057,0.77718474,-2.00269524,-1.38793673,1.81681450,-1.34414224,-0.19093004,-0.25375795,-0.43335734,-0.50437181,-1.19342288,0.88835637,1.37967438,-0.80583623,0.63028740,-1.45629505,-0.24130894,-1.12390096
-0.84342819,-0.61111888,-0.32142151,1.79066462,-0.29538632,-1.09960880,-0.02800125,1.51959066,0.43857699,-0.07156100,-1.22156702,-1.15510322,-0.51260308,0.50798296,-1.59878700,0.64070771,1.22640793,-0.55212869,0.53831545,0.95652727,-1.15024998,0.45970475,0.32604887,-2.55545312,0.05391550,0.99614867,-2.38944598,-0.30416647,-0.26837313,-0.89056984,-0.09447254,0.56057340,0.74309852,-0.61702136,1.46187749,-0.48967010,-1.67750003,0.92766686,-0.33502923,-0.28784353,0.24997605,-0.83367993,1.06957075,-0.87597594,0.88049141,-0.44137920,-1.44771147,0.32071185,-0.66601164,-0.00397978,0.25960482,-1.39885321,0.02172671,-0.31658233,1.41045979,-0.85896603,0.38230445,0.51173260,0.57990400,-0.79652073,-1.07941370,-0.54606953,-1.43992305,0.93734099,-0.62490655,-0.73266092,1.73528467,-0.70390227,-0.86192109,0.27754565,1.82978812,-1.35046395,0.16789700,1.65882304,-1.47267074,0.24129997,-0.08839397,0.85536750,-1.16021057,-0.06713773,0.21649065,-1.99318098,0.00532565,-0.24413819,1.74219775,0.26162857,0.61271980,-0.68401933,-0.39260955,0.49583890,-0.41575122,-1.80204322,0.53486505,-0.44597026,-1.01321008,1.61839877,1.89123083,1.43647942,0.49511915,0.30303466,0.60385849,0.64755708,-0.20355064,0.47820307,0.84214005,1.67209597,-0.85656393,-0.49956459,-0.07881887,2.61909983,0.01727657,0.80303015,1.92096795,0.60426897,-1.62297048,-1.53980955,1.21590516,-0.04913758,0.67015761,-2.07860482,0.23968685,-0.16634470,0.48737513,1.66354897,-0.71881135,-2.39591296,1.73272075,-0.53496145,-0.07289667,-0.29486029,-1.47742215,0.48344426,0.36814084,0.98236360,0.56406329,-0.05054622,0.30361631,0.97607850,-0.20529642,0.06038974,-0.02277357,0.45608260,-0.74793651,0.43864530,1.57677409,1.26268350,0.56521575,1.52758965,0.01460894,-0.83056690,-0.04929779,-0.42527928,1.23626490,0.08748667,0.42264402,0.07238082,-0.09256157,-0.55215415,-0.53647109,-0.50705558,0.11219655,-1.12982170,-0.73716268,0.89326702,-0.66375814,0.45579866,-0.63970037,-0.30433429,-1.19850196,-0.50691938,0.58187180,0.97130917,-0.59777478,0.01462486,-2.49173968,-2.09437461,1.24739563,-1.97129145,-1.37732708,0.18074570,1.27548712,-0.64850442,2.54661929,-1.34121902,0.19615342,1.73645047,0.13842111,-0.21643012,1.43402101,-1.16748770,2.28050158,0.72718563,-1.64058732,-1.76137575,1.24781117,-0.70664472,0.45622213,1.01062254,0.62892106,-0.25451240
0.80755698,0.99334709,-0.70910183,2.47930477,-0.10584474,1.46261272,-1.15125204,2.28199957,0.19809084,-2.03919728,0.46234435,-0.45281540,-0.30347717,0.62530508,-0.99606885,0.18487635,0.19923028,1.39699240,-2.18798075,-3.52588981,-0.35001276,0.16081397,0.59110245,0.69794452,-0.40940979,0.10628028,1.53681026,-1.21912610,-0.14080001,-0.37258160,-1.04217525,-0.10619164,-1.82232293,0.69225869,0.04662014,2.02454932,1.84041925,-0.53162983,1.80387716,-0.98918583,-0.78720346,-0.96017911,1.55719581,-0.00516681,1.60118466,-0.14652924,1.21606569,0.43636739,0.03213151,0.72905719,-0.56999693,-0.18448138,-0.08935357,0.45229678,1.46695395,-0.25222388,0.46610126,1.44329804,-2.74344958,0.38675518,-2.01323007,1.68662120,0.75072459,1.01725611,-0.24878594,0.75856859,0.57559329,1.23524582,0.89782504,1.29667159,-0.65718153,1.46718077,0.78532077,0.37564804,0.61947137,0.32728375,-0.36763154,-0.02676705,-0.24086814,-0.74685216,0.62403395,2.18524783,1.12143981,2.00012649,-1.57328863,-0.01838227,-0.80870292,0.94976223,-1.07444397,0.99044489,1.47371648,0.11331425,0.37278041,-0.50188414,0.68330296,0.32014759,0.24283147,-0.80371803,0.22826275,-0.65742583,1.87867232,-0.72795026,0.52366226,0.37212444,0.76801620,0.72900788,-1.64484937,-1.35550313,-0.95202507,0.72582815,-0.24954324,-0.33437245,-0.10358596,-1.56040900,-0.05333556,1.22663528,-1.97801866,-1.28350734,1.09772391,-0.08098456,-0.12544530,1.22402294,0.81626786,1.17288385,-0.48571402,2.06524699,-1.06201843,0.49879399,0.18752791,-0.16052411,0.29769869,-1.72538681,-1.28219637,-0.54547865,-0.67111883,0.48720355,1.30124085,-0.05749410,1.08523475,0.21641344,-0.86382138,0.00291882,-0.39974264,0.87083622,1.04949330,1.21221852,1.08087912,0.08890899,0.36597338,0.62667468,-0.72115505,-0.09476159,2.59418309,-0.64725095,-0.08926624,-1.16880279,-0.77556365,-0.18885622,0.46134874,-0.11335043,-1.05793698,-0.36613610,-0.93442087,1.41055470,0.36620548,-0.18001137,-0.82871433,-0.45885943,-0.53486597,0.19276376,-0.16880941,-1.09856590,1.72086671,-0.99491750,0.00716401,0.21810973,-0.52932475,-1.24771152,-0.42227490,-0.81028679,1.57230971,0.78723131,-1.72331703,0.58070469,0.10636059,-0.53389579,-2.16533427,0.45753934,-0.55756937,-0.81726256,-0.34062088,0.06034166,-1.51200334,1.17698517,-0.24313410,-0.88607340,0.20027449,0.06248992,-2.27878888,-1.72428746
-0.36601794,-1.57883011,-0.92799457,-1.82657811,-0.89754946,0.28383342,1.92093504,-0.15761155,-0.53176881,-1.62598929,0.01533081,-0.91109524,-0.16538293,-0.43067156,-0.60557178,-0.80261268,1.30902042,-1.21565644,-0.05193169,-0.67136537,-0.73533948,1.41312161,1.11704438,-1.18814724,0.23499758,-0.22387692,0.24610222,0.11206376,0.23368859,-0.52432794,-2.14370442,-0.24316242,-1.24649949,0.46750205,-0.75276083,0.56241993,1.33658732,0.72894543,1.79585036,0.29280605,0.72165634,0.93948000,-0.60929045,0.51231911,1.67072739,1.75368909,1.21258774,0.89438560,-0.88807596,-1.36251509,-0.21212573,-0.60963831,-0.16929838,0.16357787,-0.14163237,0.35228856,-1.02532744,0.09809682,-0.19667009,0.75253859,0.08752714,-0.46563507,-0.48466001,1.04803300,-2.15171032,0.41314812,0.23509909,0.86662927,-0.08625905,-1.36157472,0.35235769,0.68533173,-0.31360280,0.18801914,0.40998542,0.56808878,0.56891676,1.62048926,-0.15951188,-0.10667938,-1.15401129,0.61106701,-0.71470447,-1.72586145,0.79828105,-0.72670000,0.16753575,-0.83460147,1.24815913,-0.91133223,-1.51610444,-0.15604806,-0.33923087,-0.15935304,-0.18279981,-0.54420741,1.39762058,1.04229408,-0.24309566,2.94647500,-1.07108360,-1.29138749,0.46334931,1.03202110,-0.19436460,0.40554258,0.81756393,-0.64975963,1.24515913,0.30047333,1.16755131,-0.63334334,-0.99651766,1.09633528,1.39117329,-0.21352624,0.00290219,0.05314213,0.30339522,0.51730517,-0.01027001,-0.09468620,0.29384537,1.31351510,0.48637341,-0.89892691,-0.71945594,-0.15902538,0.48431608,-1.10272619,0.08491333,0.56882878,0.26797696,0.48118377,-0.71345089,0.20089533,-0.83355297,-0.72015119,0.52427918,0.01101697,0.44271896,0.47368927,-0.53820495,1.65269341,-0.29424893,-0.49039662,1.27392742,1.18055594,-0.19757031,0.48370632,-2.37446018,0.28970944,0.60849821,-1.62042993,1.31426713,0.63444298,-0.41900221,-0.48886670,0.60723494,0.95089229,-0.64001150,1.49807601,-2.18722559,-0.92534497,-1.69604473,1.55403046,1.10763108,0.41027748,0.35717206,0.02444824,1.14327091,1.63782241,0.10389108,1.19073522,-0.70084038,-0.40641605,1.13998186,0.84824417,-0.82786188,1.21659189,-0.18421927,0.53836046,0.01364638,-1.62339841,-0.37911210,-0.85110694,-1.28662463,-1.80591584,1.10025959,-0.69315417,-0.20907556,0.00679116,-1.02318427,-1.47001421,1.54294024,0.53058579,0.72997456,0.45351871,0.16812991,1.60241499
-0.98566722,-1.67281180,1.18044823,1.78140295,0.03133830,0.12456057,1.53409627,0.14875635,-1.31750439,0.57227433,-0.85582449,1.04464875,-0.97740152,1.40145792,-1.28768576,1.96530858,-0.25746227,0.87414065,0.19235327,0.47711263,0.52197264,1.05682510,0.12750160,0.35348251,-0.47910739,0.05265889,0.83231262,0.73907764,1.31978470,0.32063590,-0.85084931,0.10794964,0.05107890,0.82334923,-0.27725038,-1.09642595,-1.06181321,0.01578430,-0.93655612,-0.73266884,0.10777686,-0.20733594,-2.31724918,1.35607523,1.51038311,-0.19584693,1.05120961,-0.03944071,0.38581501,-0.00323819,0.91432212,0.94218684,1.60640015,0.46543707,-0.25400494,1.49790966,0.69096299,0.44116434,-1.01311489,-0.17338579,-1.70869596,-0.32596580,-2.00247527,-0.67069241,0.66682143,-1.91559608,-0.31448792,-1.24569223,-1.27962479,-2.20909459,0.73966056,0.02965901,0.94339108,2.12312675,-1.08644180,-0.60304492,0.34383030,-0.66086551,-1.08626149,1.38872258,-0.79886535,1.30754007,0.95521271,0.34320198,-0.29846070,-0.12889736,0.73996369,0.02318994,0.64504787,-1.30131803,-1.30244945,-1.09959387,-0.24668818,-0.37759960,0.49232507,0.16944028,0.91045616,0.66655037,-0.51683666,-0.37620436,-0.91292145,-0.27887902,-0.46009019,-0.88244776,0.53619035,0.61131882,1.34540306,-0.82754148,0.48820414,0.82054217,0.87983956,-0.64779685,2.40749600,0.57885498,-0.04373565,-0.75790183,0.96804259,0.50404581,1.16360785,1.87717429,0.62004236,1.59201744,-1.84973632,-0.84361100,0.31499745,-0.45931729,0.84737219,0.04786867,0.44049082,0.33808521,-1.12999937,-0.12331101,-0.90669245,0.43011931,-0.34663707,-1.05650405,0.29933638,-2.22242803,-1.11361684,-0.53175604,-1.95869273,1.28760895,0.55337982,0.88215578,1.18401756,-0.19965725,-1.72865166,-1.84919363,0.51786948,1.79887308,-0.25230563,-0.49703273,-1.42780501,0.33995765,0.70233961,-0.79981681,0.73017877,0.53624195,0.85777252,-0.98174806,-0.97555655,0.32992611,1.49808428,0.79554312,0.81853964,0.05700881,-0.14524355,-0.45985160,-0.48035881,-0.68211644,0.46329111,-0.04237916,1.81420986,1.39018914,-1.06978903,-0.02899736,-0.64056550,0.07531276,-0.52703106,0.18591170,-0.16632905,0.50481601,-1.73222131,1.64130901,-0.71207282,-0.49164985,0.81071941,0.99261999,-0.10526457,-0.08806018,0.66873524,-1.48010206,-0.71375545,-0.37937906,-0.16039218,0.70689085,1.21701078,-0.41022140,0.47856421,0.35009288
0.43255030,-0.68168698,0.25885045,-2.38032242,0.07744834,-0.52267834,-0.34863016,0.13076383,-0.43080335,1.03231667,0.73088655,-1.05092712,-0.37057991,-1.45264116,0.75825922,-0.11124332,0.21233445,-0.17034045,0.56849558,1.28793049,0.49557656,0.97622242,0.59691733,1.02940941,-0.40161082,1.43542197,-0.45253342,0.92441771,-1.81134854,-1.85447537,0.67165810,-0.16375475,-1.09129362,1.03848936,-2.03252630,0.67503657,0.18593136,1.43555437,0.92725835,0.34817887,-1.77649973,0.64610261,0.33435746,-1.19320554,-0.71140982,-1.11071874,0.23145979,-0.32368145,-0.20807657,-1.44849426,0.47264997,1.27058861,0.04620856,-0.81960429,-0.43984909,-0.58139892,0.01090494,-0.35790225,-0.39983729,1.35485922,-1.92932058,-0.63190253,-0.77782959,-2.05692819,-0.74992491,0.95627191,0.75265069,0.36596240,-2.22211606,-0.50051915,0.02939509,0.04510790,0.28782317,1.10779677,-2.53201747,-2.60521907,0.54287594,-0.33264315,-0.29773853,-0.38862507,0.38371816,-3.08445072,-0.03265728,1.98407319,-0.09909287,-2.08130348,0.93645136,-1.50182213,-0.71273517,-0.41842525,-1.60851785,-0.57127126,0.31706586,1.37023544,0.24746287,1.67329355,0.30194462,-0.51061890,-1.62966917,0.08270887,-0.24146764,0.01172055,-0.39770937,-0.85513686,0.59919548,0.41620494,1.58304172,-0.13441924,-0.80803475,0.82701741,-0.21775058,0.72130842,2.75427736,-1.90377907,-1.17658458,0.95749515,-2.23705840,-0.16411886,-1.50688613,-0.50198095,0.24762766,-1.35223466,1.59810735,-0.00162364,0.07271138,-1.47854699,-0.85321923,1.39512839,-1.06641834,0.44423659,-0.40662304,0.26533821,1.05764763,-0.20931263,0.09649642,0.11878950,-0.12356422,0.12126747,-0.60634639,-1.79763519,-0.29445462,0.54149924,0.57560239,-0.46858050,-0.74626168,-0.34646834,0.22302778,0.98545973,0.07679484,-0.48745322,-0.12195224,0.83274870,-0.17160767,-0.39451730,-1.17919514,-0.44526783,1.36290286,-1.10664516,0.35733463,0.63238389,-0.30710472,1.64118525,0.86430955,-0.22452124,1.42970592,1.36716263,0.22881262,-2.09482683,0.91219992,0.11602169,-0.02572573,0.25098367,-0.16001010,-0.60347328,-0.13849885,-0.08393206,-0.69458160,1.94260938,0.04525544,0.32667226,1.25755499,1.10932059,0.85736029,-1.23899469,-2.08833876,2.12274459,1.15164435,0.26753432,-0.33692259,-0.47556120,-1.18943027,-0.28739142,-0.14777997,-0.18652450,0.96142983,0.11221366,-0.15074011,-0.74960027,-0.86631633,1.81041022
0.17715992,-0.74907900,0.03664977,2.09838559,-1.02906520,-0.58269009,1.16580015,1.25066132,-0.18229003,0.02647556,-1.32947637,0.18576225,0.18600996,0.68126876,-0.07653492,-0.55513048,0.21833262,1.03825624,-0.75249490,-1.22672068,-0.51549179,-0.99575884,-0.83029572,1.12730601,-0.79314820,0.02907848,-1.87542619,0.66112032,0.75376362,1.45041100,0.43285197,-0.14132414,-0.37286792,0.62957850,-0.28262632,0.10174872,0.10048904,-0.75993999,1.15863895,-0.41243498,-0.96418997,0.99703396,0.64600831,-0.48323585,-0.68416501,-0.03030842,0.55667929,1.25605454,1.27195089,-0.02631560,0.00704613,-0.80241277,0.10886093,-1.88893157,1.70756669,0.47636774,0.89236262,-0.15818843,0.32951472,-0.60052373,-0.77687700,-0.44460447,2.02710753,1.35665220,0.08946248,-2.53416329,2.37923284,-0.25058897,-1.36642541,-0.56443862,-2.19311650,1.17694455,1.03616306,1.80658539,1.38530686,0.83103875,-0.67188001,0.08394357,0.59327935,-0.32779659,0.42271885,-0.99743042,0.12514701,-0.40018677,0.28662653,-1.72531223,0.47827642,0.78064751,-0.57079920,0.49387259,2.13638135,-0.63868373,-2.19482884,1.22628406,-0.05105534,-1.07446210,0.54513818,-1.97786903,0.92430518,-0.23630839,-0.84627704,-0.43396475,1.52187466,-0.24963043,-1.20157025,0.43487224,-0.77024505,-0.36160054,-0.96682407,-0.77751177,1.65849104,1.21579087,-0.05820933,0.48740899,-0.43515421,-1.29811305,0.41962265,-1.15040467,-1.37142636,-1.15372382,0.21138512,0.99482993,-0.05898684,-0.21053881,-0.12646849,-1.02235343,-0.10951400,0.30374210,-0.23039514,-0.35643149,-0.29187567,0.32426099,1.43330266,1.85291170,0.21379453,1.94786445,0.66097668,0.21075830,-0.08905687,-1.06398969,1.56005993,-1.10387568,-1.25500963,0.10839380,0.54068462,-0.25211288,0.49767656,-1.51651207,0.76268497,0.21677316,0.66639602,0.42010680,-0.54339477,0.30731465,0.75199538,-0.54029165,0.50324051,-0.73425373,-0.94449942,-0.49828910,1.32287443,-0.14578127,0.50632647,0.51725618,1.50891180,1.88029349,-1.13493754,0.14865203,-0.31593681,-0.95610098,-0.14838900,-0.60023108,0.81835641,0.92465827,-0.27089850,-0.13444458,-0.39758997,0.25881586,-0.89308665,-1.66865111,-0.59200969,-0.02617937,-1.00392720,0.53242933,-0.76607026,-1.52678228,-0.04491262,-0.55782235,0.44119665,2.83615274,-1.08470978,0.59510776,0.65137322,0.54905597,0.23894043,-0.67428072,0.28030157,-0.57858615,-0.45437795,-0.64403991
-0.91783149,0.34338968,-0.07813651,-0.01106551,1.03015155,0.29240493,0.94504771,-0.73427998,-0.48535338,-0.01523733,0.32974062,-0.95916605,0.65355565,0.66727787,0.54736832,-0.06903253,1.72660320,-0.68336933,-0.07710320,1.33268341,0.67287196,0.85814724,-0.79949291,1.79316587,-0.24886787,-0.94354753,-1.35501301,-0.16576328,1.81034458,1.64219446,-0.53079029,0.31776489,-0.82745420,-1.52741127,1.01995690,-0.89398068,-1.11686082,1.35396024,0.26089507,-1.50254579,-0.03504642,1.63700785,-0.20235502,-0.98848693,-0.78769077,0.30304287,-0.85435546,-2.07597668,0.80747420,0.00924175,-0.74862583,0.93061839,1.52287338,1.06259556,-1.06388190,0.90005043,0.97732534,1.49148627,-0.95418014,-0.11880483,0.05200635,-0.72308279,0.45201312,-0.61918206,-0.95451434,0.18845642,0.30616570,0.44766044,0.04181055,-0.13095682,0.41804720,1.26136395,-0.76093849,0.36858995,-0.20127707,-0.49361357,1.15980710,0.37370179,-0.14217501,0.24951795,-0.85592096,-0.69644987,-0.23748309,-0.92566971,-1.72663763,0.26956195,-1.40741354,0.80680332,0.64719340,-0.59240957,0.11173560,0.23660005,-1.44294818,0.87117765,1.51750335,-0.27626434,-1.29682626,-1.22994769,0.97909055,-0.61978960,0.20561220,1.18867419,0.66974744,0.10871356,1.26641760,0.19108168,-0.30059486,0.60515984,0.13379967,2.29870441,-0.29891321,0.05335115,1.43369710,0.36027109,-1.48977601,1.96693635,1.74746007,0.71007655,0.29496513,-0.05144024,-0.35782730,0.35821495,-1.34758459,0.02552733,-0.76614629,0.63308466,1.43323242,0.91694999,0.88393119,0.75192714,-0.12423602,-0.36911269,-0.82786178,0.34346914,1.48316917,0.83667775,1.07392484,1.00720582,-0.61752601,-1.33089138,1.11210073,-0.81649958,0.88356905,-0.99389705,0.99985447,0.46161942,-1.13703142,0.90626807,1.12571854,-1.91940127,0.27649963,0.57375546,1.46693610,1.42673574,1.00811133,0.75187271,0.93742370,0.60221898,0.96368289,0.61048776,1.20442046,0.96778982,-0.56473666,1.01056775,-0.31222373,0.33349924,-1.90335697,-0.96304274,0.26522408,0.51990435,-1.15409073,0.73611526,1.27382370,0.18807667,-2.29734545,0.52915084,0.00093519,-0.60242936,-0.22331563,1.53310675,-0.98849016,1.50780923,0.73983531,2.38875518,-0.31201298,0.54334978,0.02889624,-0.20121461,1.05637595,0.04555317,-0.10740093,-0.94358218,0.84745858,2.11509481,-0.52160843,0.62234772,-0.48359890,0.03239456,0.13324486,-0.61171674
1.28218732,0.68297798,1.79528400,1.47353652,-0.02814323,0.33442963,0.04989308,-0.72533667,-0.18827533,0.75001539,0.30846840,-1.25960984,0.49983082,-0.29864316,0.78467328,-0.52152045,0.41271316,-1.42335840,0.35918220,0.81008596,0.66738829,-1.47575881,-2.29963654,-0.53542013,-0.62603871,0.06079661,-0.92042494,-0.37958649,-0.02456535,0.46428087,-0.21571643,0.84558642,2.20984254,-0.40321374,1.25651996,0.30113145,-0.45153761,-2.25210125,0.29757988,-0.66098120,1.23248338,-0.25997436,0.69949970,-0.94824921,-0.04421157,-0.16830090,1.77785414,1.51286612,1.11654695,-0.95787133,0.58616839,0.48769475,-0.02580860,0.82238345,1.02315275,1.53951471,0.55837906,-0.52286358,0.88278199,0.48354124,0.45772317,0.51263157,-0.74143056,-1.81405029,-1.35445770,0.87088569,1.01705541,1.00107552,-0.68286644,-0.09832152,0.23294849,-0.57994299,-0.94815553,1.39072678,0.64137148,0.38236385,0.98701285,-0.47252335,-1.57837831,-0.64704313,-0.90377889,0.09991760,-0.61652530,-0.55673822,0.64792422,0.56346001,0.45591487,-0.70180220,0.50076028,-0.78267915,0.35168349,-0.55449814,0.96810106,-0.65314187,-0.04933103,-0.39879843,-0.07682398,1.20285649,0.90532210,-1.53960636,-1.52102513,0.00956568,0.40154465,0.49527577,-1.96955767,-0.99046603,0.00434757,-0.38329592,1.59240439,0.16187197,1.12382294,-0.34569004,0.75895270,-0.25580677,-0.11030683,0.33480770,-0.21658250,-1.71582008,-2.23706258,0.72267983,0.14460956,-0.35517311,0.79147570,-1.03978674,0.37014588,1.53286263,0.17118075,0.09004136,-0.15332496,0.72707536,0.17126503,1.24310619,0.27592124,-1.47519399,0.17636310,3.63610170,-1.52429856,-0.02797637,-0.96039001,1.17997232,0.27269949,-0.23308870,-0.68267538,1.04712135,1.19891655,-0.40466120,-0.74654757,0.83566050,-1.06437294,-0.34231304,1.35525936,0.05378578,-1.55344229,-0.59559781,1.14332810,0.22658682,-0.20548473,1.44880722,-0.94280599,0.24964628,-0.53332061,0.91972811,0.01673202,-0.53089761,-0.39815185,0.19681567,1.25652356,-0.15000161,1.75186277,-0.57109812,-0.76075556,-0.56401338,-2.10152950,0.23390610,0.35606197,-0.21338115,1.64646563,0.87826843,0.69513532,-0.89302805,-0.51735875,-1.07004747,-0.61470420,-2.55347851,0.45942081,-2.92518998,-0.68440881,-0.10106548,-0.96241588,-1.01408644,-0.07573872,1.15838216,-0.53847126,-0.94804899,0.96941176,-1.36691133,-1.27078276,0.75958773,0.91940935,-0.98171938
-0.79235945,-0.95156842,0.19034542,-0.65896111,0.28440747,-0.08664624,1.47206834,-0.11561506,-3.17939317,1.54312150,-0.62674223,-0.54081680,-1.40737455,0.00203729,-0.96051447,0.06535555,-0.00725045,-0.20480061,-0.87585082,0.67949009,-0.52801718,-0.29644942,-0.68054815,0.77951457,1.91104712,-1.38092383,-0.04899757,1.40076988,0.40839294,0.22607741,-0.64974130,-1.09332834,-0.23112904,1.13788124,-0.79902969,-0.78050214,2.15940654,0.08725897,-0.30679074,-0.58686963,0.46519908,0.02778065,0.35956947,-1.78335229,-0.92351879,-0.13051208,1.24212065,0.76021900,1.39537944,0.30497292,-0.55575672,-1.06008783,-1.54343689,-0.48486692,0.67623016,0.39757945,1.43957239,0.68116707,-1.50788578,-0.26273333,0.43616542,-0.00089119,1.01871224,-1.03751597,-1.60476589,-0.08474087,-1.34868053,-1.89907674,-0.73492802,-0.10653337,0.66656636,0.52145420,-0.00615686,0.96593799,0.75247578,-0.08918076,0.12732243,0.82687034,-0.11765659,-0.70923621,0.29524946,-0.22995599,-1.04250008,1.29881858,0.54262433,0.47397876,0.80603045,1.58485670,-0.01549089,-1.95967471,0.06086648,-0.82241231,0.20573349,-0.33451831,-0.71995409,-1.01486508,1.25700889,1.73322321,2.70683955,0.53352546,-2.01456599,1.38504192,-0.85923288,0.66005435,-0.42185916,-0.01070946,-0.64576934,0.95602671,0.57900859,0.06179831,0.32267540,1.06855389,-1.26205893,-0.23472597,-0.24215543,-1.33798681,0.95401621,0.53754260,-0.18550801,-0.81559711,1.24288109,-1.79454636,-0.09214594,-1.44346100,0.14258999,0.02884357,-0.74850822,-1.00321647,0.71889728,-0.96434969,1.14876081,0.70420003,1.01047658,-1.30188215,1.71043454,-0.26352226,-1.35826048,-1.50400884,-1.02696662,-0.62132650,0.18327211,-0.38646786,0.40711856,0.47059529,-0.42368574,-0.18015511,0.75297136,0.88588184,0.26979596,1.41186810,2.37220634,-0.91916289,-0.93078662,0.30294546,0.99042049,1.22895185,0.40893052,-0.83500774,0.54197061,-0.55364697,0.10280601,0.36410779,-2.91356489,-1.19762792,1.72686921,1.05481075,0.99571176,-1.44810388,-2.20006976,0.47466925,-0.30136117,2.59318968,0.17850144,-0.90422343,0.72201941,0.54797531,0.80895657,0.28250195,1.63018073,-0.92893008,0.77583263,1.78735256,-1.72521712,-2.60207465,0.51154396,3.24971078,-0.51923981,-1.04236430,0.03247509,0.42876978,0.89825628,1.33493495,0.31214624,-0.39373260,2.06308136,-1.43049951,-1.31590508,-0.02415988,-0.72937877,-0.36550365
1.40276181,0.12563539,-0.08665793,1.66984798,0.61473723,2.15143336,-0.08600735,0.58208146,-1.26037002,0.03655996,0.10941378,-1.05341023,0.36073399,-0.99582380,-1.43156638,0.77937768,0.14610875,-0.16281455,0.31075955,1.36876454,0.57725988,-0.43367555,1.11750086,-0.27143843,-0.10345187,-0.27543254,0.90694375,-0.02833574,-0.18002457,-0.16515957,-0.58618715,-0.46015160,-0.06065460,1.57638124,-1.07848922,0.95649556,0.94551947,0.77636082,0.49029551,-0.25649311,-1.00152637,0.36038068,-0.73819499,0.21044420,-0.27260853,-1.46667616,-2.05677601,1.11054031,0.37488695,-0.88108944,-0.06096467,-1.19329172,0.01295672,0.54313834,0.65726695,-0.63819644,0.68271720,0.20556169,-0.47547895,2.68490807,0.99087872,0.42230894,-0.95327562,-1.43161877,0.42835810,-1.36811611,-0.09587549,0.54417271,1.08107055,-0.04150744,2.56923176,-0.32276045,0.42410966,1.43385366,-0.41142643,0.00118401,0.33969366,-0.70327045,0.03696406,1.99647046,-1.01967144,0.24103063,-0.66455010,-1.98327424,2.12866496,-0.28166943,0.62009505,-2.52972525,0.27830540,-2.25896339,1.50276843,-0.67915717,0.79467490,0.55942840,-0.41547099,0.08683737,-1.17318960,-1.09655101,0.46677541,0.34795471,0.59172271,-0.12085793,-1.98958727,0.07673344,0.08277859,-1.54884420,0.49627601,0.69636712,-0.61126007,-1.95773536,0.96745781,0.75378199,2.45633219,-0.02523505,-1.51328386,1.22176830,-0.76909758,-0.21305141,-1.22231736,-0.53711996,-1.02746754,1.17529595,0.05870481,-1.23752280,0.47991433,-0.84884320,-0.60433872,1.13037518,-0.32339910,-0.66480872,0.95398963,-0.34328190,-0.54569138,1.29280918,0.65825373,-0.33673322,0.12204683,-1.55327946,-1.71953801,-1.03411625,0.29989983,0.80467977,0.49619219,-0.66846899,-1.50093880,1.23183531,0.36432930,0.45580569,-0.74697266,-0.10648494,-1.12672559,0.26511619,-0.38274080,-0.80865890,0.04619933,1.41239348,0.15158550,1.55720734,1.32409949,-1.53723472,-0.26485732,-1.58609920,0.03197949,-0.91754676,-0.82466589,-0.24836558,0.12553962,-0.58575344,-1.99427652,0.01826922,-1.76020240,0.33237327,-1.42354240,-0.07697487,-0.64484159,1.17827622,-0.80385553,0.58221507,-1.43537854,0.11701333,-0.81893581,-1.24665443,0.64696649,0.97499195,1.22440312,-0.27207183,-0.09155849,-0.61394427,2.73579598,0.63216620,-0.44684422,0.06706839,-0.01526489,1.40010545,0.81641840,0.29307325,-0.60811200,-0.91921716,-0.12457820,2.38934504
-2.47780376,0.59765096,-1.42839776,0.41543420,-0.44546642,0.38935991,0.20457987,0.11971620,-0.07269903,-0.08920470,0.24289556,0.62878670,-0.87339568,0.15481680,-0.80020903,-1.39460356,0.59904287,-1.17359667,2.54947799,-0.75907355,0.19406738,-0.44317874,-1.41564707,-1.94689376,0.34510879,0.59588646,1.13574846,0.82587753,-0.56607549,1.99021190,1.38016291,-1.78342065,0.86413216,-2.39029663,0.61647623,-1.05450027,0.63654009,-0.67824738,0.55631914,0.73638379,-1.88915610,0.02149004,-0.78242993,-0.20609784,0.37634631,1.47074107,0.40399550,0.67428620,-0.60286073,1.27199755,-0.73907860,-2.42245500,-1.21234283,2.32221741,-0.46050110,3.13526139,0.27943060,-0.54932833,1.05128112,0.10133046,0.30278435,0.72180850,0.29592157,0.61201785,-2.34680847,-1.16633373,-0.81475487,-0.45919854,1.33895305,-0.00831340,0.06211826,1.23989262,-1.15994776,0.02010615,1.59431772,-1.49535664,0.08304903,0.24700720,-1.91205748,-0.11535777,-0.42270104,0.80993500,0.07265267,0.87896985,0.65405359,-0.68283263,-0.42481697,0.39415545,-0.66527667,0.07366729,0.49863029,1.27733039,-0.22768206,-1.70441151,-0.96281507,2.35038789,-0.90854055,-0.13697356,0.49998581,-2.45114685,-0.15746271,-1.21329756,0.70546035,-0.82422010,0.93843625,0.02220007,0.58471823,1.76170319,-0.75613654,-0.09693383,2.05060491,-0.65219037,-0.52479811,-0.88155017,-0.21545933,-1.52319570,0.11731157,0.89839112,-1.59518394,-1.73936093,-0.42713785,0.24687634,-0.68769687,-0.87001830,-0.36937546,-1.02989293,0.40249174,-0.47749999,-0.81420396,1.48940513,0.68481528,-0.66826416,0.51564481,-0.08362393,-0.15958276,-0.92842724,1.63471074,-0.53996410,1.01733392,0.26230374,-0.43737554,1.29721575,0.97491941,0.97064736,0.64462005,0.81663252,1.10849230,-0.11510995,-0.09706489,-1.69044647,1.32252247,-0.77464546,-2.22120173,1.13610175,-1.33466789,0.47576022,-0.96770157,-0.46306260,0.06951914,1.33893870,-0.13833681,-1.33193821,0.64050912,1.23402892,-0.68691568,-0.47581324,-1.94712371,-1.28866206,1.20841969,-0.53105881,-1.32275376,-0.77717016,-0.03685000,0.41588079,0.38140268,1.08440067,3.41206942,1.73453387,-0.09762546,-0.27577381,-0.83583526,0.13555899,0.73186414,-0.36446496,0.32094786,0.27860235,0.79315559,-0.55119924,-0.43641460,-1.23455818,0.35318969,-0.12584942,1.97262660,1.50696103,1.07449900,0.75123604,0.57269210,0.04598110,0.62493594,1.71435801
0.90481613,-0.19548529,0.01588661,-0.46433187,-1.16831376,-2.22762285,0.81337133,-0.54773123,1.12876714,0.42681989,-0.43448303,0.59642860,-0.57077722,0.10424758,-0.23923842,-0.39342387,2.30361334,-0.95048259,-0.64699363,-1.05412419,0.03372696,-0.78106053,0.96897516,1.90312988,0.25251978,0.18385862,-0.23956085,-0.52379629,-1.15329316,0.46388815,0.48510413,2.10613664,-1.58835053,0.67734678,0.90992577,0.46757306,-0.57519490,0.87633802,0.74426193,0.04063414,-2.26895228,0.70883840,0.20859402,-1.64605029,-1.21844935,-0.81541403,-0.28063974,0.23838902,0.77800223,0.72700697,-1.35575154,1.27081705,-0.13927636,-0.38770722,-1.41749681,0.34004087,-0.88291707,-1.94229856,1.41052115,0.41982409,0.32457283,0.00323992,-0.41038083,-0.16125075,-0.38938813,0.59248058,0.07684606,0.25915605,-0.76148003,-0.48185077,0.38761585,-1.80724295,0.64483059,-0.49910231,0.29909224,0.76113921,0.26801238,1.99943966,0.36407485,-0.25943363,-1.11311061,-0.82197080,1.18910757,-0.19390409,-1.71738013,0.20220921,-0.58292028,0.53556646,-1.49463549,0.98658556,-0.87167546,-0.93778346,0.38927408,0.66751867,2.03630810,0.92156116,-2.09918681,-1.01655941,2.01591927,0.42460933,-1.36496924,0.81775392,0.14076112,-0.79929213,-0.26728972,0.76419064,-0.33758086,0.24307612,-0.21302329,-0.47409422,1.66599461,1.56888081,0.18413787,0.46395341,-0.54248999,1.47497099,-1.36072931,-0.61177125,-1.28647177,0.71730139,-0.82067243,-0.81660867,-1.12001377,-0.15694120,0.47037510,-0.70651684,0.42759720,-0.34751152,-0.71774258,1.23311714,0.12983123,-0.91100895,-0.11605645,-0.10070269,0.14734880,-0.02655158,-0.11343012,-0.63353378,1.03672302,1.20192706,0.29037624,0.88718085,-1.32110304,-1.26373464,-0.34788196,2.63125845,-0.07792685,-0.00334096,-0.67620893,-0.24397874,0.81778168,1.46042493,-1.56798099,-0.13398346,-0.16316415,1.57475078,0.10849882,1.40385702,-1.63375244,0.01775759,1.01679502,-1.69497769,0.07572251,1.44190569,0.25560490,-0.65936010,-0.25490157,-0.94399164,-1.86360315,0.30803049,0.43287925,-0.79333936,-0.23925934,0.44558136,-1.10915225,0.68330795,-0.11539176,-1.42997683,-2.43065469,-0.45890010,-0.97670315,-1.15255962,-1.11142116,-0.62272703,-0.39402959,-1.18709739,0.35407641,0.82130874,0.51237922,-0.00976758,0.75279718,0.47284796,1.28565765,-1.51825297,0.73469808,-0.18471121,-0.72168778,1.32917502,1.12635655,-0.74840428
-0.26368479,0.02173628,-0.93757688,-0.72474331,-0.04150247,0.04926231,-0.74593578,1.12208990,-0.51543925,-0.47769155,1.58048406,0.80402072,2.24521067,1.73350007,-2.40336909,-0.29075180,1.06205113,0.97678852,0.26323345,0.52376019,-0.53573850,0.48680347,-2.42702127,1.25701431,0.20107066,0.62350782,0.70715348,-1.21760446,-0.51525279,0.39813304,0.25564865,-0.57970714,-0.62671671,-0.96847061,0.21044161,-0.81245101,0.78674681,0.50265604,-0.05819499,1.62136073,-0.08283851,1.93283511,1.79542804,0.24416683,0.47636777,-2.63209700,-0.06094197,0.41384120,-2.82240812,0.85441201,0.34064962,-1.32162362,-0.11662825,0.06150111,-0.92277258,-0.77763091,0.62614294,0.64467891,-0.28525334,0.48668870,-1.72079421,0.30322456,-0.74860388,0.24380634,-0.26711791,-0.38993404,0.08003872,1.17718925,-2.89778308,0.54177625,0.58426773,0.50158323,-0.49407289,-1.42686898,1.76896219,1.73927497,-0.38497873,-0.96462545,-0.16810448,0.18227094,0.62949486,-0.46073475,-0.42176256,0.44913798,-1.97628257,-0.82361240,-0.61046097,-0.36753033,-0.74549934,2.40732901,1.10633758,2.41084573,0.29042657,-0.03192718,-0.18980437,-1.16049158,1.10430647,-0.42229708,0.13010626,0.39592064,-0.16175402,1.03221080,-1.74508719,0.24812809,0.50100927,-1.08962485,1.29182803,0.12541453,-0.94382065,0.51976209,0.81370035,-0.53763030,0.24673468,-0.69724457,0.90368809,-1.70124955,0.14901752,1.65145420,-0.30029252,0.62821208,-0.07897991,-0.56493065,1.13626855,-0.14097149,0.74335939,-0.46617258,1.01114910,-0.13147154,-0.27947240,-0.55795573,-3.08073603,0.66282741,-0.49081384,0.28994781,-0.09566952,0.43725528,-1.04380138,-0.14146782,0.04433935,-0.05602182,-0.45593458,-1.92494115,-2.05733672,-0.03341941,0.09306031,1.35418166,-0.01322059,0.10443061,0.27317026,-1.06672835,-1.36061835,-0.37845448,1.49056418,1.34296020,-0.78092773,-0.31245829,0.16030414,0.71633695,-0.52783315,-0.86176593,0.07073063,0.50782581,0.53434695,2.79205183,1.10804275,0.62723348,-0.27413233,0.57198169,0.75502737,0.89431458,0.12291754,-0.67651078,1.52541103,2.39368218,0.82369302,-0.16589760,-0.55705406,0.14473022,-0.01184874,0.23714829,0.26075271,-0.33731785,0.03345533,0.42248625,2.35792995,-0.24087930,-1.97526587,-1.03642692,3.83179016,-0.92009039,-0.66793495,-1.67939402,1.18507559,0.00623807,0.92845683,-0.15460333,-0.80655761,-0.38738676,0.64243055,0.20681979
0.15377421,-2.06837474,-1.77943136,-0.90783434,0.32767218,0.03175101,-0.91627185,-0.93825017,0.85918780,0.02059727,0.31609866,0.47911031,2.35859763,1.22664877,0.06750208,-0.07062338,0.13324991,-1.21250687,0.93654518,0.11378732,0.21211826,0.91871984,-0.92106039,-1.36181861,-0.81863074,0.25316728,1.00697629,0.84334373,1.19791715,-0.55533490,1.07728432,0.32439675,1.40096949,-0.72121448,0.21649773,0.16354178,-0.48786618,0.20166314,0.67048581,0.13436550,0.93879432,0.04948323,-0.10387650,1.42066996,0.15821606,-1.67728253,2.01338490,0.14062478,-0.43590384,1.99591820,0.02428569,-0.98268901,-0.84970709,0.97382630,-0.91241958,1.53107601,1.19079010,0.88187478,-0.25122679,-0.40014359,-1.61420509,0.71617243,0.10996698,-0.76876409,0.14608571,-1.25937847,-1.15774543,-0.87394981,-0.19823181,-0.40738676,-1.30211714,-0.11360299,-1.59070459,-1.14287814,0.12134556,0.30920348,0.03340263,-2.42006185,3.32380346,1.18792825,1.94301200,0.29927407,1.67091278,-0.32738991,1.49014371,-0.61586986,0.91947118,-1.75405164,0.48381429,1.28302459,0.52758400,0.89250897,-0.44072052,-0.00986894,1.54105219,0.27872266,0.62982008,-1.26969673,-0.16905662,-1.35299206,0.42505494,1.94503341,0.99142849,-1.63825335,-0.45013001,-0.04746384,-1.66977091,1.31456249,-0.81701124,-0.81117929,-1.07842169,-0.34565420,0.49997352,-0.46487057,-0.73336792,0.08486758,-1.60812105,0.01736489,-0.01035551,0.84682381,-1.14126965,0.36615223,-0.44502525,0.82909368,1.19680026,0.54756071,0.08618643,0.56018297,-1.52115248,-0.53701193,-0.59640013,-0.52137281,1.00563581,0.31537340,-0.89919965,-0.53967410,0.95815483,-0.57578389,-1.05135379,1.16112337,1.86346343,0.44774584,-0.24497465,1.57700039,-0.23152104,-0.37030023,0.00564284,-0.49946245,0.02955620,-0.00417887,0.82929869,-0.00694223,0.49543822,-0.72479424,1.16821429,0.07454418,0.09417728,-0.71760839,0.82801340,-1.65821893,0.64304173,0.13679265,0.70494184,0.05713772,1.16312318,0.62966952,-0.06472908,-1.27967787,-0.58951330,0.86108193,0.37437644,-0.80719500,1.30611997,-0.88033366,-0.00791167,-0.56337385,0.39120313,-0.18162372,-0.15951746,-0.83219727,0.29645176,0.92298198,1.47015416,0.67364259,0.55325265,-0.11074728,1.72935572,-0.51536690,-0.67638804,0.23414628,-0.50539010,-0.14855053,1.20392223,0.43302157,1.66729912,0.37985841,0.59942353,-0.36953077,0.60904226,-1.88571151
1.03574699,-0.64096059,0.50818632,0.83362878,0.24642338,0.18922880,-1.57738290,0.76356523,1.67104730,-0.37235665,-0.09351064,0.40046555,1.65163109,-0.02391512,1.34601928,-0.05561136,0.70147793,-1.14099860,-1.98494132,0.78631852,0.10405839,-0.51131488,-0.61479910,-0.13343906,-0.85778788,-1.68966900,0.03033578,1.03493040,-1.38876774,1.44651072,1.44621989,0.96955342,-0.97960795,1.05992448,-0.38179008,0.57258030,-1.08087396,0.69936755,0.05847112,-0.51525191,-0.37736892,-0.92315362,-0.06072509,2.45551624,-2.20779103,1.50512782,-1.22604148,-0.23295630,-1.23668985,-0.32296270,-1.41954834,-0.18315946,1.79062605,0.22955428,0.21796299,0.34715756,0.23139443,-0.06092096,-0.10785072,0.46650369,1.12439941,0.91749994,0.20937917,1.63900470,-1.31957936,-0.16803467,-0.51734008,0.62960476,1.09293014,-1.50667864,1.26825435,-0.36699879,-0.06285133,-0.35885049,-0.83021265,0.25423984,-0.35418946,0.85072096,-0.61961828,-1.10075537,0.50144492,-0.86066613,0.44986396,0.21918631,-1.45258394,-0.15733167,-0.36703993,1.19498355,1.27810043,-0.37694452,-0.89989564,-0.13304582,-2.11170873,-0.39495282,1.41434725,0.01389871,2.04567517,-1.77443980,-0.00915690,-2.68302120,-0.28302160,0.58346499,2.34598740,-0.93366178,-1.05444359,0.99783769,0.81367394,0.87057418,-0.44905170,-0.44602717,-0.84191412,0.25846212,0.25462209,0.08294932,0.19724371,-2.26373028,-0.32998776,-1.92854374,1.02702447,-1.55071080,-0.47679050,0.38768538,0.98094270,-0.64918337,0.20314534,0.86133749,0.92793591,0.31660700,0.35962343,0.05565993,2.66046820,-0.35596951,-0.81405706,1.26098910,0.70095377,1.60234758,-1.68662048,-0.35395621,0.20533987,-0.11733549,0.08612742,-3.48953069,-0.49673450,-0.01452402,0.37443660,-0.91753676,-1.45681599,0.78772273,0.69687570,-1.16606022,1.47519774,-0.19383523,-0.02647434,-1.32629920,0.02377026,-2.41043633,-0.64771809,0.50599466,0.35108139,0.38751261,1.21871858,-0.24080936,0.60889644,-0.33093417,1.83268600,0.23699777,-0.32821632,-0.22747243,-0.20733226,-1.08388795,-2.18408659,-0.46635231,2.02184044,0.94498176,-0.99789769,1.36624936,1.71491914,-0.27015051,-0.84514864,-1.63047975,-0.79607063,1.22770415,-1.78527494,1.24808750,-0.39818839,-0.73670508,-0.41352381,0.50790852,0.09006339,-1.29909531,-0.69611692,0.37803626,0.96196751,2.18180907,0.42370462,0.68401616,0.69849569,-0.25142499,-1.72937863,0.36677426
1.13252647,0.76837657,-1.15297844,0.43238181,2.31518349,0.30810585,-0.62489983,0.50478439,0.64980217,1.79787705,0.38997718,-0.49977222,-0.15780636,-1.96724697,-0.31759886,-0.08563362,-0.91876748,0.94629451,-0.18902900,0.05260481,0.76719060,0.00521288,0.60998091,0.55079662,-1.33567041,1.11851280,-1.09134384,1.20914799,0.73998119,0.11251426,-2.09636859,-0.25360969,-1.49162971,0.69882872,1.05031251,-0.70358707,-0.46497520,0.37943742,0.76616560,-0.59722645,-1.06233982,-0.02843099,1.30187703,-0.94281826,-0.22522090,-0.38133325,-0.95026426,0.07676217,0.76895925,-0.07942377,0.24203423,1.43365219,1.52509782,-1.35506012,0.54202280,0.75950844,0.18505251,0.92577333,0.27020145,1.16968211,0.81063089,-1.08385179,0.47343868,-0.45657021,1.30576828,1.44807424,-0.52795942,0.64673996,1.65481101,-0.05883552,-1.47210160,-0.90043414,0.09643036,-0.64948363,-1.25167263,-1.54302804,1.66994341,-0.21191336,-0.38176182,0.39383606,2.39155377,-1.07852879,1.38330177,-0.57123463,0.09119989,1.00196825,0.43828976,1.14741256,1.16939547,0.10318803,0.79550028,1.34052619,0.02090420,1.62600202,0.39459178,-0.38325588,0.79244617,0.03123008,0.71027872,-1.76340704,-1.39439890,-0.77697463,-2.25710274,-1.19946075,1.04504940,0.32682546,-0.68903516,-2.02802305,-0.42044723,0.45313361,0.12395238,-1.05497236,-0.41903068,1.09537235,0.20187145,0.79879161,-0.29294233,-0.16765440,0.59703432,-1.27736848,1.22363272,0.98404333,0.12257405,1.19682760,-0.34158866,-0.64052147,0.76386185,1.54364664,-1.00063589,0.11384994,-1.07417038,-1.54119936,-0.77503230,-0.98240836,1.02095145,0.75572222,1.05241059,0.25356089,-0.31129722,1.79329963,-1.21392625,2.09468982,-0.00904703,0.64475634,-0.75944432,-0.13549539,0.06606914,-1.06603053,0.81874857,-0.35878228,0.44718860,0.84111834,0.56932423,-1.48166619,-0.76891812,-0.77884174,-0.92123488,0.75760907,-1.23893074,0.60514814,-1.17563829,-1.27993518,-1.81317143,-0.05449762,-1.59475875,0.19351199,-0.37408755,-1.18858469,-0.07923866,1.11256517,0.37937956,0.58411926,0.05717469,-0.11368631,-0.56529138,0.77798235,0.43273048,-1.08226756,1.02633223,-0.48657289,0.04875505,-0.23437927,-0.23562399,0.02588281,-1.54997203,0.28398375,0.01453473,-0.14439301,1.14938696,-0.62625369,-1.71963286,-1.71350545,0.42952272,-1.36627795,-0.48959137,0.24930505,-3.31025713,0.42042318,-1.09105756,-0.97587393
-0.14367720,-2.19891071,0.30016721,-1.74232010,-0.56523582,1.42032277,0.34546575,-0.84823552,-1.00110603,0.85715390,-0.49925063,0.75532103,-0.87038804,0.74541223,1.47431283,-0.39835289,0.89926809,-0.87240703,-0.45949566,-0.28913973,1.64640360,-0.58005480,0.11923790,0.32517978,1.57190889,0.24336854,1.62387528,0.91689710,-1.71275408,0.43103116,-0.27662750,1.59452363,0.70604997,-0.25661001,1.01106026,1.40945892,0.90800032,2.17511388,1.60549656,0.96166652,2.28109494,0.41212741,-0.01533972,-0.30807555,1.43669007,-0.40385115,0.72019992,-0.73274307,2.09492375,0.03931736,2.21669053,1.24837991,0.47113685,-0.40108168,0.77535109,-0.51721500,0.30406039,-0.25003742,-1.06694920,-0.08913685,0.00559419,-0.97732286,1.10231949,0.49384984,-0.55432984,0.09063322,0.05052490,0.52676517,-0.54761127,-1.30495410,0.85783580,-2.02989371,-0.16745106,-1.06710640,-1.41215453,-0.97090297,-0.31509661,1.92444608,0.49391653,-0.04652295,0.41978631,-0.45548870,-0.88889473,-0.48292670,-1.98154040,-0.10605353,-1.47704175,0.66112621,-0.80007803,-0.00085124,0.09043241,-2.31933017,1.27384826,0.89603500,0.33381584,-0.85411436,0.31798595,-0.29484687,2.42625687,-0.60275952,-0.11375094,0.39139041,-1.49573558,0.46320062,-1.50616780,-0.04062723,1.36728782,0.90887736,0.02802016,-0.37592604,-0.52662919,-1.67833900,0.78857823,0.38848149,0.55058771,-0.21276853,1.50573266,-0.33751799,-0.44184659,0.76698090,0.46454619,-0.47338984,0.06666166,0.60613866,-0.48685512,0.40498579,-1.65822620,1.49123168,0.12517947,-1.26850553,0.35845978,-0.00617259,0.11825298,-0.44599253,0.06496691,-0.58277933,-0.99054331,-0.91634526,1.77374639,-0.44198596,1.94807715,1.41525466,0.98852821,-0.79543167,-0.66624183,-1.17900334,-0.27415052,-2.06789975,0.32663003,1.33037072,-0.28679094,-0.90218075,0.27147138,-0.58430973,1.20976755,0.29663095,-1.06228877,0.63337104,0.38338676,0.29173579,-0.51038154,-0.32441714,1.25765820,0.99131217,-0.13170966,-0.50596377,1.10852573,0.15229687,1.16453960,-1.20478927,2.24152049,0.10096356,-0.11891743,-0.32558941,-1.50883734,-0.17614551,-1.29585451,0.46319996,-1.44318422,-0.08152254,0.02641143,-0.01347944,-1.73596722,-0.84056301,-0.01718912,-1.52128928,-1.32722067,0.32950439,-0.31597457,-0.44050591,-1.27751033,-2.06604049,-1.39515309,-0.38710638,-1.96354234,0.38783983,0.22400913,-0.63114381,1.11417094,0.28296986
0.13194835,-0.91536531,1.43513226,-0.68120251,0.13477452,0.82896641,-0.16384929,-0.87522927,0.67419522,-0.84814023,-0.41896830,-0.82349334,0.28764987,0.05532425,-1.35819853,0.17253432,1.42576007,0.30768976,-0.60969601,-0.66039844,0.26570205,-0.33750919,1.01931904,0.30685453,0.30496988,-0.80077574,-1.45498740,-0.73849714,-1.34700814,-1.83141060,0.07190658,-0.45710233,1.07924924,2.28591066,0.22790764,-0.98918162,-0.60996495,-0.65314026,0.49773061,0.82630164,1.81579723,-2.35617383,0.70346807,0.32169137,-0.22724167,-0.80271364,-2.78097678,-0.72572787,-0.22731254,0.29053143,-0.32153141,-1.80559386,1.43431733,-0.90488552,0.19051622,0.04689656,0.84808730,1.70853291,0.43327590,-0.36286725,-0.67352893,-1.11633467,1.39944391,-0.44848301,-0.90128121,-0.46001812,-0.43317460,0.15388281,2.26903222,-0.19377805,0.10156694,-0.50009909,0.10918531,0.62346686,-0.42467216,-0.06139452,-0.89014505,-1.13973436,-0.88089195,-1.03320763,-1.15995288,0.05825595,1.44596862,0.12381175,-1.98276006,-1.51586890,-0.67103309,-1.81184400,-1.62379831,0.06792735,-1.30409429,0.30182275,1.19073419,-0.04151803,-3.06910031,-1.37198741,1.06633803,0.48125334,0.43100966,1.48285224,-0.57972681,0.45821006,-0.62011521,0.10965002,-0.69942564,0.39232767,1.58640909,-0.92203449,-2.63830481,0.19723001,-1.77758177,1.68982442,0.57099940,-0.54453695,-0.20498249,-0.44562055,0.48433925,-1.40211239,-1.11484472,1.39892075,-0.11073016,1.99771778,0.00482297,0.68049378,-0.49438659,0.00559542,-0.81790095,0.61511776,1.74710024,0.56283606,-0.61357869,0.19829854,0.38136519,0.15794861,-0.73285373,-0.07505430,-0.18244237,1.00541490,-0.02282898,-0.34871990,-1.09405095,-0.72225308,-0.60919822,-0.60364865,-0.20505977,1.13127409,2.06816652,1.18644374,-0.22368901,-0.86256051,-0.72635701,0.30357750,0.06422454,0.43370409,-0.27392754,-0.39629047,0.84034832,1.04891028,-0.49374543,-0.52220248,2.61166534,0.13529857,0.06186345,-0.30246338,-0.82867886,0.14512199,0.58808449,-0.60948913,0.32192364,-1.36957040,-0.05851771,0.17006531,0.49646973,-0.93210465,-0.15074167,-0.33612820,-1.94660371,1.17291116,-0.27391063,1.63131787,-0.13292076,0.20383489,-0.72909416,0.84235477,-0.15221759,0.07129114,0.96984525,-0.70458080,-0.35610334,0.08836582,-0.43020784,-1.24787186,0.49894213,-1.76699651,-0.41989140,0.69754419,0.47386084,-0.06510899,1.02225516,-0.55198059
